"","Player","Season","Age","Tm","WS","G","GS","MP","MPG","FG","FGPG","FGA","FGAPG","X2P","X2PPG","X2PA","X2PAPG","X3P","X3PPG","X3PA","X3PAPG","FT","FTPG","FTA","FTAPG","DRB","DRBPG","ORB","ORBPG","TRB","TRBPG","AST","APG","STL","SPG","BLK","BPG","TOV","TPG","PF","PFPG","PTS","PPG","POS","POPG","FG.","FT.","X2P.","X3P.","eFG.","APM","RAPM","Salary"
"1","A'ja Wilson",2019,22,"LVA",3.1,26,25,740,28.4615384615385,158,6.07692307692308,330,12.6923076923077,158,6.07692307692308,329,12.6538461538462,0,0,1,0.0384615384615385,114,4.38461538461539,144,5.53846153846154,125,4.80769230769231,43,1.65384615384615,168,6.46153846153846,47,1.80769230769231,13,0.5,45,1.73076923076923,56,2.15384615384615,52,2,430,16.5384615384615,3276,126,0.479,0.792,0.48,0,0.479,-2.11063587479003,-0.420708134495513,53616
"2","Aerial Powers",2019,25,"WAS",3,30,7,593,19.7666666666667,108,3.6,249,8.3,66,2.2,133,4.43333333333333,42,1.4,116,3.86666666666667,85,2.83333333333333,98,3.26666666666667,63,2.1,34,1.13333333333333,97,3.23333333333333,45,1.5,25,0.833333333333333,6,0.2,44,1.46666666666667,48,1.6,343,11.4333333333333,2500,83.3333333333333,0.434,0.867,0.496,0.362,0.518,6.02052823492546,1.5151702611192,59718
"3","Alaina Coates",2019,24,"TOT",0.7,23,0,167,7.26086956521739,24,1.04347826086957,45,1.95652173913043,24,1.04347826086957,45,1.95652173913043,0,0,0,0,12,0.521739130434783,21,0.91304347826087,39,1.69565217391304,21,0.91304347826087,60,2.60869565217391,2,0.0869565217391304,5,0.217391304347826,11,0.478260869565217,9,0.391304347826087,37,1.60869565217391,60,2.60869565217391,419,18.2173913043478,0.533,0.571,0.533,NA,0.533,0.919884513013925,0.123797503228969,25815
"4","Alana Beard",2019,37,"LAS",0.5,16,3,235,14.6875,22,1.375,49,3.0625,21,1.3125,44,2.75,1,0.0625,5,0.3125,7,0.4375,9,0.5625,22,1.375,2,0.125,24,1.5,23,1.4375,12,0.75,3,0.1875,9,0.5625,21,1.3125,52,3.25,3004,187.75,0.449,0.778,0.477,0.2,0.459,-0.975534507504786,0.0727005982454949,108000
"5","Alanna Smith",2019,22,"PHO",-0.5,18,0,134,7.44444444444444,8,0.444444444444444,41,2.27777777777778,6,0.333333333333333,23,1.27777777777778,2,0.111111111111111,18,1,1,0.0555555555555556,2,0.111111111111111,24,1.33333333333333,11,0.611111111111111,35,1.94444444444444,4,0.222222222222222,5,0.277777777777778,5,0.277777777777778,8,0.444444444444444,18,1,19,1.05555555555556,4049,224.944444444444,0.195,0.5,0.261,0.111,0.22,-1.79649142459452,-0.222565019917364,49539
"6","Alex Bentley",2019,28,"ATL",-1,29,4,634,21.8620689655172,99,3.41379310344828,323,11.1379310344828,67,2.31034482758621,187,6.44827586206897,32,1.10344827586207,136,4.68965517241379,30,1.03448275862069,35,1.20689655172414,44,1.51724137931034,10,0.344827586206897,54,1.86206896551724,86,2.96551724137931,21,0.724137931034483,9,0.310344827586207,44,1.51724137931034,56,1.93103448275862,260,8.96551724137931,83,2.86206896551724,0.307,0.857,0.358,0.235,0.356,-3.03637771115742,-0.41253955285729,115000
"7","Alexis Jones",2019,25,"LAS",0.1,20,1,243,12.15,28,1.4,70,3.5,17,0.85,37,1.85,11,0.55,33,1.65,12,0.6,15,0.75,20,1,2,0.1,22,1.1,36,1.8,6,0.3,4,0.2,27,1.35,29,1.45,79,3.95,2458,122.9,0.4,0.8,0.459,0.333,0.479,-1.01110682281054,0.00258871280563739,47798
"8","Allie Quigley",2019,33,"CHI",3.7,34,34,972,28.5882352941176,171,5.02941176470588,347,10.2058823529412,91,2.67647058823529,166,4.88235294117647,80,2.35294117647059,181,5.32352941176471,47,1.38235294117647,54,1.58823529411765,88,2.58823529411765,13,0.382352941176471,101,2.97058823529412,85,2.5,27,0.794117647058823,7,0.205882352941176,46,1.35294117647059,61,1.79411764705882,469,13.7941176470588,73,2.14705882352941,0.493,0.87,0.548,0.442,0.608,4.66501810017334,1.27247999804194,117500
"9","Allisha Gray",2019,24,"DAL",3.6,34,29,1035,30.4411764705882,117,3.44117647058824,256,7.52941176470588,84,2.47058823529412,170,5,33,0.970588235294118,86,2.52941176470588,95,2.79411764705882,112,3.29411764705882,96,2.82352941176471,45,1.32352941176471,141,4.14705882352941,78,2.29411764705882,42,1.23529411764706,14,0.411764705882353,49,1.44117647058824,87,2.55882352941176,362,10.6470588235294,3638,107,0.457,0.848,0.494,0.384,0.521,3.36430060913999,1.18160793134853,57886
"10","Alysha Clark",2019,31,"SEA",3.1,31,30,881,28.4193548387097,114,3.67741935483871,237,7.64516129032258,63,2.03225806451613,131,4.2258064516129,51,1.64516129032258,106,3.41935483870968,18,0.580645161290323,22,0.709677419354839,108,3.48387096774194,37,1.19354838709677,145,4.67741935483871,79,2.54838709677419,33,1.06451612903226,17,0.548387096774194,48,1.54838709677419,60,1.93548387096774,297,9.58064516129032,123,3.96774193548387,0.481,0.818,0.481,0.481,0.589,7.07628250839619,1.21093385421156,84100
"11","Alyssa Thomas",2019,27,"CON",3.7,34,34,1026,30.1764705882353,168,4.94117647058824,333,9.79411764705882,168,4.94117647058824,332,9.76470588235294,0,0,1,0.0294117647058824,60,1.76470588235294,121,3.55882352941176,181,5.32352941176471,83,2.44117647058824,264,7.76470588235294,104,3.05882352941176,66,1.94117647058824,13,0.382352941176471,69,2.02941176470588,96,2.82352941176471,396,11.6470588235294,93,2.73529411764706,0.505,0.496,0.506,0,0.505,-5.58363330188094,-1.36424690722572,115000
"12","Amanda Zahui B.",2019,25,"NYL",1.4,24,23,558,23.25,81,3.375,173,7.20833333333333,59,2.45833333333333,104,4.33333333333333,22,0.916666666666667,69,2.875,23,0.958333333333333,27,1.125,126,5.25,26,1.08333333333333,152,6.33333333333333,21,0.875,26,1.08333333333333,33,1.375,32,1.33333333333333,79,3.29166666666667,207,8.625,512,21.3333333333333,0.468,0.852,0.567,0.319,0.532,1.32168564446728,0.450359643964616,108000
"13","Angel McCoughtry",2019,32,"ATL",0,1,1,0,0,0,0,0,0,0,0,0,0,0,0,0,0,0,0,0,0,0,0,0,0,0,0,0,0,0,0,0,0,0,0,0,0,0,0,1010,1010,NA,NA,NA,NA,NA,-4.73850749528081,-0.0155244282412672,117500
"14","Anriel Howard",2019,22,"SEA",0,3,0,20,6.66666666666667,2,0.666666666666667,5,1.66666666666667,1,0.333333333333333,3,1,1,0.333333333333333,2,0.666666666666667,0,0,0,0,1,0.333333333333333,2,0.666666666666667,3,1,0,0,1,0.333333333333333,0,0,2,0.666666666666667,4,1.33333333333333,5,1.66666666666667,2054,684.666666666667,0.4,NA,0.333,0.5,0.5,9.26087297528856,0.253760118933822,5122
"15","Arica Carter",2019,22,"PHO",-0.1,6,0,24,4,1,0.166666666666667,5,0.833333333333333,1,0.166666666666667,1,0.166666666666667,0,0,4,0.666666666666667,0,0,0,0,0,0,0,0,0,0,1,0.166666666666667,1,0.166666666666667,0,0,2,0.333333333333333,5,0.833333333333333,2,0.333333333333333,1503,250.5,0.2,NA,1,0,0.2,-12.1283292775563,-0.66602563193023,41965
"16","Ariel Atkins",2019,22,"WAS",3,33,33,804,24.3636363636364,123,3.72727272727273,296,8.96969696969697,72,2.18181818181818,153,4.63636363636364,51,1.54545454545455,143,4.33333333333333,43,1.3030303030303,53,1.60606060606061,69,2.09090909090909,24,0.727272727272727,93,2.81818181818182,65,1.96969696969697,48,1.45454545454545,18,0.545454545454545,34,1.03030303030303,73,2.21212121212121,340,10.3030303030303,397,12.030303030303,0.416,0.811,0.471,0.357,0.502,-0.971226913998375,-0.0658818557347305,49611
"17","Arike Ogunbowale",2019,22,"DAL",2.7,33,28,1059,32.0909090909091,214,6.48484848484848,551,16.6969696969697,157,4.75757575757576,389,11.7878787878788,57,1.72727272727273,162,4.90909090909091,145,4.39393939393939,178,5.39393939393939,60,1.81818181818182,20,0.606060606060606,80,2.42424242424242,106,3.21212121212121,35,1.06060606060606,1,0.0303030303030303,68,2.06060606060606,85,2.57575757575758,630,19.0909090909091,1023,31,0.388,0.815,0.404,0.352,0.44,-3.60803448584394,-0.635206206031662,49539
"18","Ashley Walker",2019,32,"LAS",-0.1,3,0,22,7.33333333333333,1,0.333333333333333,11,3.66666666666667,1,0.333333333333333,6,2,0,0,5,1.66666666666667,0,0,0,0,1,0.333333333333333,2,0.666666666666667,3,1,3,1,1,0.333333333333333,0,0,0,0,4,1.33333333333333,2,0.666666666666667,3939,1313,0.091,NA,0.167,0,0.091,15.8478985584455,0.680109537094657,56375
"19","Asia Durr",2019,22,"NYL",0.4,18,15,480,26.6666666666667,71,3.94444444444444,152,8.44444444444444,56,3.11111111111111,101,5.61111111111111,15,0.833333333333333,51,2.83333333333333,18,1,22,1.22222222222222,24,1.33333333333333,5,0.277777777777778,29,1.61111111111111,31,1.72222222222222,10,0.555555555555556,7,0.388888888888889,21,1.16666666666667,34,1.88888888888889,175,9.72222222222222,3538,196.555555555556,0.467,0.818,0.554,0.294,0.516,1.53484272039383,0.213615749113595,53537
"20","Asia Taylor",2019,27,"TOT",0,12,0,96,8,10,0.833333333333333,28,2.33333333333333,10,0.833333333333333,26,2.16666666666667,0,0,2,0.166666666666667,6,0.5,8,0.666666666666667,13,1.08333333333333,8,0.666666666666667,21,1.75,8,0.666666666666667,2,0.166666666666667,1,0.0833333333333333,7,0.583333333333333,10,0.833333333333333,26,2.16666666666667,1651,137.583333333333,0.357,0.75,0.385,0,0.357,13.3933661926071,1.35449608525834,56375
"21","Astou Ndour",2019,24,"CHI",1.3,21,11,368,17.5238095238095,58,2.76190476190476,118,5.61904761904762,44,2.0952380952381,85,4.04761904761905,14,0.666666666666667,33,1.57142857142857,13,0.619047619047619,18,0.857142857142857,58,2.76190476190476,30,1.42857142857143,88,4.19047619047619,14,0.666666666666667,10,0.476190476190476,14,0.666666666666667,14,0.666666666666667,36,1.71428571428571,143,6.80952380952381,134,6.38095238095238,0.492,0.722,0.518,0.424,0.551,-6.05281445480224,-0.992791050099508,65000
"22","Avery Warley-Talbert",2019,32,"NYL",-0.2,3,0,35,11.6666666666667,1,0.333333333333333,5,1.66666666666667,1,0.333333333333333,5,1.66666666666667,0,0,0,0,1,0.333333333333333,2,0.666666666666667,4,1.33333333333333,3,1,7,2.33333333333333,0,0,0,0,2,0.666666666666667,4,1.33333333333333,7,2.33333333333333,3,1,2138,712.666666666667,0.2,0.5,0.2,NA,0.2,-20.9542931887306,-1.082960536343,41695
"23","Azura Stevens",2019,23,"DAL",-0.1,9,1,144,16,19,2.11111111111111,53,5.88888888888889,18,2,44,4.88888888888889,1,0.111111111111111,9,1,4,0.444444444444444,5,0.555555555555556,17,1.88888888888889,15,1.66666666666667,32,3.55555555555556,5,0.555555555555556,5,0.555555555555556,10,1.11111111111111,9,1,12,1.33333333333333,43,4.77777777777778,1493,165.888888888889,0.358,0.8,0.409,0.111,0.368,-7.40121992564279,-0.923093244339709,49611
"24","Betnijah Laney",2019,25,"IND",0.1,34,27,877,25.7941176470588,77,2.26470588235294,213,6.26470588235294,57,1.67647058823529,147,4.32352941176471,20,0.588235294117647,66,1.94117647058824,18,0.529411764705882,31,0.911764705882353,111,3.26470588235294,32,0.941176470588235,143,4.20588235294118,59,1.73529411764706,48,1.41176470588235,4,0.117647058823529,49,1.44117647058824,55,1.61764705882353,192,5.64705882352941,5248,154.352941176471,0.362,0.581,0.388,0.303,0.408,0.440069151605464,-0.608149630274978,72500
"25","Blake Dietrick",2019,25,"SEA",-0.2,17,1,106,6.23529411764706,1,0.0588235294117647,10,0.588235294117647,1,0.0588235294117647,4,0.235294117647059,0,0,6,0.352941176470588,4,0.235294117647059,6,0.352941176470588,9,0.529411764705882,1,0.0588235294117647,10,0.588235294117647,16,0.941176470588235,3,0.176470588235294,2,0.117647058823529,10,0.588235294117647,14,0.823529411764706,6,0.352941176470588,183,10.7647058823529,0.1,0.667,0.25,0,0.1,-7.24732806173895,-0.884966430538826,41695
"26","Bria Hartley",2019,26,"NYL",0.3,24,18,545,22.7083333333333,79,3.29166666666667,210,8.75,55,2.29166666666667,137,5.70833333333333,24,1,73,3.04166666666667,53,2.20833333333333,66,2.75,59,2.45833333333333,18,0.75,77,3.20833333333333,76,3.16666666666667,18,0.75,1,0.0416666666666667,50,2.08333333333333,55,2.29166666666667,235,9.79166666666667,3810,158.75,0.376,0.803,0.401,0.329,0.433,-3.35713456367875,-0.631490833603772,102000
"27","Bria Holmes",2019,25,"CON",0.8,34,0,529,15.5588235294118,77,2.26470588235294,193,5.67647058823529,57,1.67647058823529,130,3.82352941176471,20,0.588235294117647,63,1.85294117647059,39,1.14705882352941,58,1.70588235294118,39,1.14705882352941,10,0.294117647058824,49,1.44117647058824,31,0.911764705882353,16,0.470588235294118,7,0.205882352941176,30,0.882352941176471,36,1.05882352941176,213,6.26470588235294,314,9.23529411764706,0.399,0.672,0.438,0.317,0.451,-3.46831814987112,-0.791037318230075,53290
"28","Briann January",2019,32,"PHO",0.5,32,26,852,26.625,71,2.21875,182,5.6875,40,1.25,100,3.125,31,0.96875,82,2.5625,36,1.125,43,1.34375,36,1.125,6,0.1875,42,1.3125,103,3.21875,26,0.8125,3,0.09375,54,1.6875,67,2.09375,209,6.53125,35,1.09375,0.39,0.837,0.4,0.378,0.475,6.61067769138796,1.66514154912653,117500
"29","Brianna Turner",2019,22,"PHO",1.4,29,12,462,15.9310344827586,49,1.68965517241379,91,3.13793103448276,49,1.68965517241379,91,3.13793103448276,0,0,0,0,19,0.655172413793103,26,0.896551724137931,75,2.58620689655172,45,1.55172413793103,120,4.13793103448276,15,0.517241379310345,7,0.241379310344828,21,0.724137931034483,19,0.655172413793103,50,1.72413793103448,117,4.03448275862069,4361,150.379310344828,0.538,0.731,0.538,NA,0.538,-2.09087528185,-0.406203548030563,44207
"30","Bridget Carleton",2019,22,"TOT",-0.1,8,0,40,5,1,0.125,8,1,0,0,4,0.5,1,0.125,4,0.5,0,0,0,0,3,0.375,1,0.125,4,0.5,1,0.125,0,0,0,0,1,0.125,2,0.25,3,0.375,284,35.5,0.125,NA,0,0.25,0.188,4.07479994499954,0.332818506777606,41695
"31","Brionna Jones",2019,23,"CON",0.7,27,0,227,8.40740740740741,35,1.2962962962963,75,2.77777777777778,35,1.2962962962963,74,2.74074074074074,0,0,1,0.037037037037037,24,0.888888888888889,36,1.33333333333333,22,0.814814814814815,37,1.37037037037037,59,2.18518518518519,9,0.333333333333333,9,0.333333333333333,7,0.259259259259259,19,0.703703703703704,36,1.33333333333333,94,3.48148148148148,58,2.14814814814815,0.467,0.667,0.473,0,0.467,11.000571828765,1.21934902783932,53563
"32","Brittany Boyd",2019,26,"NYL",0,33,17,649,19.6666666666667,71,2.15151515151515,180,5.45454545454545,64,1.93939393939394,157,4.75757575757576,7,0.212121212121212,23,0.696969696969697,26,0.787878787878788,34,1.03030303030303,94,2.84848484848485,27,0.818181818181818,121,3.66666666666667,151,4.57575757575758,47,1.42424242424242,4,0.121212121212121,81,2.45454545454545,68,2.06060606060606,175,5.3030303030303,239,7.24242424242424,0.394,0.765,0.408,0.304,0.414,-6.3754534548463,-1.44728790980905,80000
"33","Brittney Griner",2019,28,"PHO",5,31,31,1018,32.8387096774194,270,8.70967741935484,479,15.4516129032258,269,8.67741935483871,476,15.3548387096774,1,0.032258064516129,3,0.0967741935483871,101,3.25806451612903,125,4.03225806451613,171,5.51612903225806,51,1.64516129032258,222,7.16129032258065,75,2.41935483870968,22,0.709677419354839,62,2,76,2.45161290322581,85,2.74193548387097,642,20.7096774193548,2433,78.4838709677419,0.564,0.808,0.565,0.333,0.565,1.49824949161376,0.395754937211358,115000
"34","Brittney Sykes",2019,25,"ATL",0,34,27,880,25.8823529411765,128,3.76470588235294,351,10.3235294117647,100,2.94117647058824,243,7.14705882352941,28,0.823529411764706,108,3.17647058823529,64,1.88235294117647,91,2.67647058823529,126,3.70588235294118,25,0.735294117647059,151,4.44117647058824,85,2.5,20,0.588235294117647,16,0.470588235294118,68,2,59,1.73529411764706,348,10.2352941176471,2453,72.1470588235294,0.365,0.703,0.412,0.259,0.405,0.107811920425578,0.383174344111863,53563
"35","Brooke McCarty-Williams",2019,23,"DAL",0,34,3,447,13.1470588235294,26,0.764705882352941,90,2.64705882352941,8,0.235294117647059,40,1.17647058823529,18,0.529411764705882,50,1.47058823529412,11,0.323529411764706,12,0.352941176470588,35,1.02941176470588,10,0.294117647058824,45,1.32352941176471,64,1.88235294117647,16,0.470588235294118,1,0.0294117647058824,29,0.852941176470588,42,1.23529411764706,81,2.38235294117647,2629,77.3235294117647,0.289,0.917,0.2,0.36,0.389,-7.39090457051749,-1.31750424154329,41965
"36","Camille Little",2019,34,"PHO",0.6,29,0,425,14.6551724137931,40,1.37931034482759,92,3.17241379310345,33,1.13793103448276,71,2.44827586206897,7,0.241379310344828,21,0.724137931034483,25,0.862068965517241,31,1.06896551724138,50,1.72413793103448,19,0.655172413793103,69,2.37931034482759,23,0.793103448275862,11,0.379310344827586,8,0.275862068965517,25,0.862068965517241,51,1.75862068965517,112,3.86206896551724,287,9.89655172413793,0.435,0.806,0.465,0.333,0.473,1.66031888710254,0.329757835532938,101000
"37","Candace Parker",2019,33,"LAS",1.8,22,22,571,25.9545454545455,89,4.04545454545455,211,9.59090909090909,73,3.31818181818182,151,6.86363636363636,16,0.727272727272727,60,2.72727272727273,53,2.40909090909091,67,3.04545454545455,116,5.27272727272727,24,1.09090909090909,140,6.36363636363636,76,3.45454545454545,23,1.04545454545455,17,0.772727272727273,54,2.45454545454545,39,1.77272727272727,247,11.2272727272727,4263,193.772727272727,0.422,0.791,0.483,0.267,0.46,11.3812287206245,2.45650577657053,117500
"38","Candice Dupree",2019,34,"IND",1.6,34,34,1043,30.6764705882353,174,5.11764705882353,369,10.8529411764706,174,5.11764705882353,366,10.7647058823529,0,0,3,0.0882352941176471,47,1.38235294117647,56,1.64705882352941,145,4.26470588235294,24,0.705882352941177,169,4.97058823529412,86,2.52941176470588,15,0.441176470588235,19,0.558823529411765,52,1.52941176470588,34,1,395,11.6176470588235,2301,67.6764705882353,0.472,0.839,0.475,0,0.472,-7.69633944503735,-0.741939839216937,117500
"39","Carolyn Swords",2019,29,"LVA",0.4,29,4,257,8.86206896551724,32,1.10344827586207,73,2.51724137931034,32,1.10344827586207,73,2.51724137931034,0,0,0,0,11,0.379310344827586,13,0.448275862068966,44,1.51724137931034,19,0.655172413793103,63,2.17241379310345,10,0.344827586206897,7,0.241379310344828,3,0.103448275862069,17,0.586206896551724,27,0.931034482758621,75,2.58620689655172,524,18.0689655172414,0.438,0.846,0.438,NA,0.438,-1.5715520897243,-0.283819524693258,83300
"40","Chelsea Gray",2019,26,"LAS",2.4,34,34,1108,32.5882352941176,188,5.52941176470588,452,13.2941176470588,138,4.05882352941176,321,9.44117647058824,50,1.47058823529412,131,3.85294117647059,66,1.94117647058824,72,2.11764705882353,114,3.35294117647059,14,0.411764705882353,128,3.76470588235294,202,5.94117647058824,33,0.970588235294118,3,0.0882352941176471,108,3.17647058823529,49,1.44117647058824,492,14.4705882352941,2614,76.8823529411765,0.416,0.917,0.43,0.382,0.471,-0.875185904521321,0.0522419651842839,115000
"41","Cheyenne Parker",2019,26,"CHI",2.6,34,0,670,19.7058823529412,107,3.14705882352941,233,6.85294117647059,102,3,215,6.32352941176471,5,0.147058823529412,18,0.529411764705882,80,2.35294117647059,95,2.79411764705882,135,3.97058823529412,62,1.82352941176471,197,5.79411764705882,30,0.882352941176471,25,0.735294117647059,42,1.23529411764706,45,1.32352941176471,81,2.38235294117647,299,8.79411764705882,3927,115.5,0.459,0.842,0.474,0.278,0.47,-8.65617516105986,-1.82322442118854,110000
"42","Chiney Ogwumike",2019,27,"LAS",3,32,14,697,21.78125,125,3.90625,253,7.90625,124,3.875,249,7.78125,1,0.03125,4,0.125,55,1.71875,68,2.125,103,3.21875,81,2.53125,184,5.75,25,0.78125,33,1.03125,23,0.71875,42,1.3125,110,3.4375,306,9.5625,2101,65.65625,0.494,0.809,0.498,0.25,0.496,3.26451569187973,0.557696914954026,117500
"43","Chloe Jackson",2019,22,"CHI",-0.2,8,0,32,4,2,0.25,9,1.125,2,0.25,9,1.125,0,0,0,0,1,0.125,6,0.75,3,0.375,3,0.375,6,0.75,4,0.5,5,0.625,0,0,6,0.75,1,0.125,5,0.625,2819,352.375,0.222,0.167,0.222,NA,0.222,7.14372013353453,0.390308696468259,35478
"44","Courtney Paris",2019,31,"SEA",0.3,30,0,190,6.33333333333333,6,0.2,15,0.5,6,0.2,15,0.5,0,0,0,0,3,0.1,7,0.233333333333333,39,1.3,13,0.433333333333333,52,1.73333333333333,13,0.433333333333333,8,0.266666666666667,3,0.1,9,0.3,18,0.6,15,0.5,1819,60.6333333333333,0.4,0.429,0.4,NA,0.4,-13.0412686062772,-1.41584326294036,111000
"45","Courtney Vandersloot",2019,30,"CHI",4.1,33,33,991,30.030303030303,135,4.09090909090909,299,9.06060606060606,104,3.15151515151515,192,5.81818181818182,31,0.939393939393939,107,3.24242424242424,68,2.06060606060606,80,2.42424242424242,123,3.72727272727273,20,0.606060606060606,143,4.33333333333333,300,9.09090909090909,45,1.36363636363636,15,0.454545454545455,96,2.90909090909091,50,1.51515151515152,369,11.1818181818182,3842,116.424242424242,0.452,0.85,0.542,0.29,0.503,9.41529338610021,2.13080653098616,117500
"46","Courtney Williams",2019,25,"CON",3.5,34,34,988,29.0588235294118,187,5.5,430,12.6470588235294,171,5.02941176470588,395,11.6176470588235,16,0.470588235294118,35,1.02941176470588,60,1.76470588235294,75,2.20588235294118,141,4.14705882352941,48,1.41176470588235,189,5.55882352941176,129,3.79411764705882,46,1.35294117647059,13,0.382352941176471,56,1.64705882352941,47,1.38235294117647,450,13.2352941176471,1920,56.4705882352941,0.435,0.8,0.433,0.457,0.453,-0.526987224400699,0.0569819026213433,59718
"47","Crystal Langhorne",2019,32,"SEA",0.6,34,4,577,16.9705882352941,70,2.05882352941176,171,5.02941176470588,52,1.52941176470588,114,3.35294117647059,18,0.529411764705882,57,1.67647058823529,33,0.970588235294118,44,1.29411764705882,79,2.32352941176471,27,0.794117647058823,106,3.11764705882353,33,0.970588235294118,10,0.294117647058824,9,0.264705882352941,43,1.26470588235294,35,1.02941176470588,191,5.61764705882353,1731,50.9117647058824,0.409,0.75,0.456,0.316,0.462,-0.953615167649706,0.366286340341393,105000
"48","Damiris Dantas",2019,26,"MIN",2.2,26,26,667,25.6538461538462,89,3.42307692307692,206,7.92307692307692,47,1.80769230769231,99,3.80769230769231,42,1.61538461538462,107,4.11538461538461,19,0.730769230769231,26,1,88,3.38461538461538,28,1.07692307692308,116,4.46153846153846,84,3.23076923076923,19,0.730769230769231,15,0.576923076923077,45,1.73076923076923,74,2.84615384615385,239,9.19230769230769,1003,38.5769230769231,0.432,0.731,0.475,0.393,0.534,-1.2291034995962,-0.132248331694316,105000
"49","Danielle Robinson",2019,30,"MIN",2.3,34,25,919,27.0294117647059,138,4.05882352941176,316,9.29411764705882,129,3.79411764705882,275,8.08823529411765,9,0.264705882352941,41,1.20588235294118,58,1.70588235294118,66,1.94117647058824,96,2.82352941176471,22,0.647058823529412,118,3.47058823529412,125,3.67647058823529,42,1.23529411764706,7,0.205882352941176,70,2.05882352941176,61,1.79411764705882,343,10.0882352941176,3806,111.941176470588,0.437,0.879,0.469,0.22,0.451,9.72244163353544,2.36744726802644,108000
"50","Dearica Hamby",2019,25,"LVA",3.6,34,9,842,24.7647058823529,141,4.14705882352941,289,8.5,124,3.64705882352941,236,6.94117647058824,17,0.5,53,1.55882352941176,74,2.17647058823529,103,3.02941176470588,181,5.32352941176471,76,2.23529411764706,257,7.55882352941176,65,1.91176470588235,33,0.970588235294118,12,0.352941176470588,61,1.79411764705882,71,2.08823529411765,373,10.9705882352941,3911,115.029411764706,0.488,0.718,0.525,0.321,0.517,-3.09428897003986,-0.817709901228354,115000
"51","DeWanna Bonner",2019,31,"PHO",4,34,34,1120,32.9411764705882,190,5.58823529411765,504,14.8235294117647,138,4.05882352941176,313,9.20588235294118,52,1.52941176470588,191,5.61764705882353,153,4.5,167,4.91176470588235,226,6.64705882352941,34,1,260,7.64705882352941,92,2.70588235294118,44,1.29411764705882,21,0.617647058823529,53,1.55882352941176,55,1.61764705882353,585,17.2058823529412,3546,104.294117647059,0.377,0.916,0.441,0.272,0.429,-3.80116441055129,-0.871882949014923,127500
"52","Diamond DeShields",2019,24,"CHI",2.4,34,34,1027,30.2058823529412,192,5.64705882352941,481,14.1470588235294,142,4.17647058823529,323,9.5,50,1.47058823529412,158,4.64705882352941,117,3.44117647058824,140,4.11764705882353,158,4.64705882352941,29,0.852941176470588,187,5.5,82,2.41176470588235,43,1.26470588235294,14,0.411764705882353,74,2.17647058823529,92,2.70588235294118,551,16.2058823529412,1629,47.9117647058824,0.399,0.836,0.44,0.316,0.451,-5.44228678845405,-1.65893457733489,53616
"53","Diana Taurasi",2019,37,"PHO",-0.4,6,6,129,21.5,4,0.666666666666667,39,6.5,3,0.5,15,2.5,1,0.166666666666667,24,4,17,2.83333333333333,18,3,18,3,1,0.166666666666667,19,3.16666666666667,32,5.33333333333333,2,0.333333333333333,1,0.166666666666667,13,2.16666666666667,15,2.5,26,4.33333333333333,3184,530.666666666667,0.103,0.944,0.2,0.042,0.115,0.564366052739425,0.00483295368235996,117500
"54","Elena Delle Donne",2019,29,"WAS",7.7,31,31,901,29.0645161290323,220,7.09677419354839,427,13.7741935483871,168,5.41935483870968,306,9.87096774193548,52,1.67741935483871,121,3.90322580645161,114,3.67741935483871,117,3.7741935483871,207,6.67741935483871,48,1.54838709677419,255,8.2258064516129,68,2.19354838709677,19,0.612903225806452,39,1.25806451612903,30,0.967741935483871,32,1.03225806451613,606,19.5483870967742,3617,116.677419354839,0.515,0.974,0.549,0.43,0.576,8.55893218810344,1.87178443410493,117000
"55","Elizabeth Williams",2019,26,"ATL",2.7,32,32,909,28.40625,107,3.34375,235,7.34375,107,3.34375,235,7.34375,0,0,0,0,82,2.5625,112,3.5,109,3.40625,99,3.09375,208,6.5,37,1.15625,24,0.75,53,1.65625,41,1.28125,71,2.21875,296,9.25,2590,80.9375,0.455,0.732,0.455,NA,0.455,-1.35233786254346,-0.778760436872584,115000
"56","Emma Meesseman",2019,26,"WAS",4,23,6,543,23.6086956521739,122,5.30434782608696,221,9.60869565217391,103,4.47826086956522,176,7.65217391304348,19,0.826086956521739,45,1.95652173913043,38,1.65217391304348,42,1.82608695652174,70,3.04347826086957,27,1.17391304347826,97,4.21739130434783,73,3.17391304347826,20,0.869565217391304,15,0.652173913043478,22,0.956521739130435,41,1.78260869565217,301,13.0869565217391,5154,224.086956521739,0.552,0.905,0.585,0.422,0.595,7.86157836421649,1.82756049197,117500
"57","Epiphanny Prince",2019,31,"LVA",0.2,3,0,28,9.33333333333333,5,1.66666666666667,10,3.33333333333333,2,0.666666666666667,3,1,3,1,7,2.33333333333333,0,0,0,0,1,0.333333333333333,1,0.333333333333333,2,0.666666666666667,3,1,1,0.333333333333333,1,0.333333333333333,0,0,5,1.66666666666667,13,4.33333333333333,2032,677.333333333333,0.5,NA,0.667,0.429,0.65,-0.50049001517228,-0.0426240622229581,41695
"58","Erica McCall",2019,23,"IND",0,15,0,104,6.93333333333333,3,0.2,22,1.46666666666667,3,0.2,22,1.46666666666667,0,0,0,0,8,0.533333333333333,8,0.533333333333333,16,1.06666666666667,11,0.733333333333333,27,1.8,6,0.4,1,0.0666666666666667,6,0.4,3,0.2,13,0.866666666666667,14,0.933333333333333,2702,180.133333333333,0.136,1,0.136,NA,0.136,2.38116416495709,0.723928825620321,46028
"59","Erica Wheeler",2019,28,"IND",1.4,34,34,850,25,127,3.73529411764706,298,8.76470588235294,79,2.32352941176471,173,5.08823529411765,48,1.41176470588235,125,3.67647058823529,41,1.20588235294118,47,1.38235294117647,97,2.85294117647059,5,0.147058823529412,102,3,171,5.02941176470588,40,1.17647058823529,5,0.147058823529412,97,2.85294117647059,74,2.17647058823529,343,10.0882352941176,4464,131.294117647059,0.426,0.872,0.457,0.384,0.507,3.73526473303062,-0.0994196540661057,80000
"60","Essence Carson",2019,32,"PHO",0.4,23,13,425,18.4782608695652,45,1.95652173913043,128,5.56521739130435,31,1.34782608695652,87,3.78260869565217,14,0.608695652173913,41,1.78260869565217,29,1.26086956521739,37,1.60869565217391,40,1.73913043478261,11,0.478260869565217,51,2.21739130434783,35,1.52173913043478,12,0.521739130434783,8,0.347826086956522,17,0.739130434782609,23,1,133,5.78260869565217,273,11.8695652173913,0.352,0.784,0.356,0.341,0.406,-1.06747521555343,-0.109345426873734,85000
"61","Gabby Williams",2019,22,"CHI",0,33,2,527,15.969696969697,75,2.27272727272727,181,5.48484848484848,68,2.06060606060606,140,4.24242424242424,7,0.212121212121212,41,1.24242424242424,29,0.878787878787879,40,1.21212121212121,58,1.75757575757576,14,0.424242424242424,72,2.18181818181818,68,2.06060606060606,23,0.696969696969697,7,0.212121212121212,55,1.66666666666667,41,1.24242424242424,186,5.63636363636364,4001,121.242424242424,0.414,0.725,0.486,0.171,0.434,5.35375850823937,0.929743176037585,53616
"62","Glory Johnson",2019,28,"DAL",1.2,28,19,676,24.1428571428571,78,2.78571428571429,214,7.64285714285714,43,1.53571428571429,111,3.96428571428571,35,1.25,103,3.67857142857143,14,0.5,24,0.857142857142857,117,4.17857142857143,27,0.964285714285714,144,5.14285714285714,39,1.39285714285714,39,1.39285714285714,18,0.642857142857143,28,1,45,1.60714285714286,205,7.32142857142857,2190,78.2142857142857,0.364,0.583,0.387,0.34,0.446,-0.823321041481274,-0.359408706959205,117500
"63","Haley Peters",2019,26,"ATL",-0.2,4,0,26,6.5,0,0,7,1.75,0,0,7,1.75,0,0,0,0,2,0.5,2,0.5,1,0.25,1,0.25,2,0.5,1,0.25,1,0.25,1,0.25,4,1,3,0.75,2,0.5,1675,418.75,0,1,0,NA,0,-14.0920477757359,-0.688619205163711,41695
"64","Han Xu",2019,19,"NYL",0,18,0,143,7.94444444444444,24,1.33333333333333,58,3.22222222222222,19,1.05555555555556,48,2.66666666666667,5,0.277777777777778,10,0.555555555555556,1,0.0555555555555556,2,0.111111111111111,13,0.722222222222222,2,0.111111111111111,15,0.833333333333333,2,0.111111111111111,3,0.166666666666667,4,0.222222222222222,2,0.111111111111111,6,0.333333333333333,54,3,828,46,0.414,0.5,0.396,0.5,0.457,-16.2877643509727,-1.71910272949138,42570
"65","Imani McGee-Stafford",2019,24,"DAL",0.4,29,6,346,11.9310344827586,51,1.75862068965517,109,3.75862068965517,50,1.72413793103448,105,3.62068965517241,1,0.0344827586206897,4,0.137931034482759,9,0.310344827586207,14,0.482758620689655,67,2.31034482758621,44,1.51724137931034,111,3.82758620689655,18,0.620689655172414,17,0.586206896551724,18,0.620689655172414,34,1.17241379310345,58,2,112,3.86206896551724,937,32.3103448275862,0.468,0.643,0.476,0.25,0.472,2.47364987488909,0.284504918126118,53290
"66","Isabelle Harrison",2019,25,"DAL",1.6,31,29,794,25.6129032258065,110,3.54838709677419,241,7.7741935483871,110,3.54838709677419,235,7.58064516129032,0,0,6,0.193548387096774,48,1.54838709677419,67,2.16129032258065,109,3.51612903225806,72,2.32258064516129,181,5.83870967741935,42,1.35483870967742,35,1.12903225806452,25,0.806451612903226,48,1.54838709677419,80,2.58064516129032,268,8.64516129032258,2653,85.5806451612903,0.456,0.716,0.468,0,0.456,2.06817675629321,0.359348091306898,53290
"67","Jackie Young",2019,21,"LVA",1.3,34,34,767,22.5588235294118,76,2.23529411764706,236,6.94117647058824,62,1.82352941176471,192,5.64705882352941,14,0.411764705882353,44,1.29411764705882,59,1.73529411764706,73,2.14705882352941,88,2.58823529411765,23,0.676470588235294,111,3.26470588235294,153,4.5,26,0.764705882352941,12,0.352941176470588,53,1.55882352941176,47,1.38235294117647,225,6.61764705882353,409,12.0294117647059,0.322,0.808,0.323,0.318,0.352,1.30765202626792,0.269461455249774,53537
"68","Jaime Nared",2019,23,"LVA",0,1,0,1,1,0,0,0,0,0,0,0,0,0,0,0,0,0,0,0,0,0,0,0,0,0,0,0,0,0,0,0,0,0,0,1,1,0,0,691,691,NA,NA,NA,NA,NA,-3.92697170970094,-0.0188388977576999,5446
"69","Jamierra Faulkner",2019,27,"CHI",0,13,0,72,5.53846153846154,6,0.461538461538462,18,1.38461538461538,5,0.384615384615385,9,0.692307692307692,1,0.0769230769230769,9,0.692307692307692,4,0.307692307692308,8,0.615384615384615,2,0.153846153846154,2,0.153846153846154,4,0.307692307692308,11,0.846153846153846,2,0.153846153846154,0,0,5,0.384615384615385,8,0.615384615384615,17,1.30769230769231,3664,281.846153846154,0.333,0.5,0.556,0.111,0.361,-0.945370086196697,-0.235338452191446,62000
"70","Jantel Lavender",2019,30,"CHI",1.3,23,22,619,26.9130434782609,103,4.47826086956522,210,9.1304347826087,97,4.21739130434783,183,7.95652173913043,6,0.260869565217391,27,1.17391304347826,19,0.826086956521739,21,0.91304347826087,112,4.8695652173913,46,2,158,6.8695652173913,26,1.1304347826087,7,0.304347826086957,13,0.565217391304348,32,1.39130434782609,34,1.47826086956522,231,10.0434782608696,3487,151.608695652174,0.49,0.905,0.53,0.222,0.505,-2.03190930319832,-0.191636459589426,115000
"71","Jasmine Thomas",2019,29,"CON",2,34,34,1009,29.6764705882353,139,4.08823529411765,355,10.4411764705882,94,2.76470588235294,232,6.82352941176471,45,1.32352941176471,123,3.61764705882353,56,1.64705882352941,70,2.05882352941176,78,2.29411764705882,19,0.558823529411765,97,2.85294117647059,175,5.14705882352941,48,1.41176470588235,5,0.147058823529412,93,2.73529411764706,62,1.82352941176471,379,11.1470588235294,2906,85.4705882352941,0.392,0.8,0.405,0.366,0.455,-2.37252550199917,-0.335497452406518,117500
"72","Jessica Breland",2019,31,"ATL",1.5,33,33,767,23.2424242424242,104,3.15151515151515,275,8.33333333333333,95,2.87878787878788,237,7.18181818181818,9,0.272727272727273,38,1.15151515151515,29,0.878787878787879,33,1,198,6,42,1.27272727272727,240,7.27272727272727,55,1.66666666666667,42,1.27272727272727,35,1.06060606060606,38,1.15151515151515,65,1.96969696969697,246,7.45454545454545,3612,109.454545454545,0.378,0.879,0.401,0.237,0.395,10.2584802884882,1.85530023959003,115000
"73","Jessica Shepard",2019,22,"MIN",0.1,6,0,112,18.6666666666667,11,1.83333333333333,29,4.83333333333333,10,1.66666666666667,22,3.66666666666667,1,0.166666666666667,7,1.16666666666667,6,1,8,1.33333333333333,25,4.16666666666667,9,1.5,34,5.66666666666667,21,3.5,2,0.333333333333333,1,0.166666666666667,15,2.5,9,1.5,29,4.83333333333333,1365,227.5,0.379,0.75,0.455,0.143,0.397,8.04691330781712,0.902532451989734,42570
"74","Jewell Loyd",2019,25,"SEA",1.3,27,21,686,25.4074074074074,117,4.33333333333333,299,11.0740740740741,83,3.07407407407407,198,7.33333333333333,34,1.25925925925926,101,3.74074074074074,64,2.37037037037037,69,2.55555555555556,63,2.33333333333333,11,0.407407407407407,74,2.74074074074074,54,2,35,1.2962962962963,3,0.111111111111111,52,1.92592592592593,33,1.22222222222222,332,12.2962962962963,3035,112.407407407407,0.391,0.928,0.419,0.337,0.448,0.424290183949923,-0.280435956325366,117500
"75","Ji-Su Park",2019,20,"LVA",-0.2,25,0,163,6.52,8,0.32,37,1.48,8,0.32,36,1.44,0,0,1,0.04,4,0.16,9,0.36,17,0.68,10,0.4,27,1.08,10,0.4,5,0.2,4,0.16,7,0.28,23,0.92,20,0.8,1119,44.76,0.216,0.444,0.222,0,0.216,-2.59971095031282,-0.306481512117243,42632
"76","Jillian Alleyne",2019,24,"MIN",0,5,0,14,2.8,2,0.4,6,1.2,2,0.4,6,1.2,0,0,0,0,0,0,0,0,3,0.6,2,0.4,5,1,1,0.2,0,0,1,0.2,0,0,0,0,4,0.8,3922,784.4,0.333,NA,0.333,NA,0.333,4.43526732993167,0.277774857948219,8169
"77","Jonquel Jones",2019,25,"CON",5.6,34,34,980,28.8235294117647,173,5.08823529411765,386,11.3529411764706,130,3.82352941176471,247,7.26470588235294,43,1.26470588235294,139,4.08823529411765,108,3.17647058823529,132,3.88235294117647,217,6.38235294117647,113,3.32352941176471,330,9.70588235294118,52,1.52941176470588,43,1.26470588235294,68,2,66,1.94117647058824,96,2.82352941176471,497,14.6176470588235,2846,83.7058823529412,0.448,0.818,0.526,0.309,0.504,10.1834844150893,2.00800051725307,59718
"78","Jordin Canada",2019,23,"SEA",1.3,30,29,865,28.8333333333333,112,3.73333333333333,289,9.63333333333333,104,3.46666666666667,246,8.2,8,0.266666666666667,43,1.43333333333333,63,2.1,82,2.73333333333333,58,1.93333333333333,13,0.433333333333333,71,2.36666666666667,155,5.16666666666667,68,2.26666666666667,7,0.233333333333333,79,2.63333333333333,48,1.6,295,9.83333333333333,4369,145.633333333333,0.388,0.768,0.423,0.186,0.401,-3.192948684807,-1.15809485306081,49611
"79","Kaela Davis",2019,24,"DAL",-1.8,33,16,634,19.2121212121212,76,2.3030303030303,231,7,60,1.81818181818182,180,5.45454545454545,16,0.484848484848485,51,1.54545454545455,29,0.878787878787879,33,1,57,1.72727272727273,16,0.484848484848485,73,2.21212121212121,69,2.09090909090909,18,0.545454545454545,6,0.181818181818182,73,2.21212121212121,79,2.39393939393939,197,5.96969696969697,2321,70.3333333333333,0.329,0.879,0.333,0.314,0.364,-0.248901423898288,0.0347698206907209,47798
"80","Kahleah Copper",2019,24,"CHI",0,34,0,502,14.7647058823529,79,2.32352941176471,204,6,64,1.88235294117647,155,4.55882352941176,15,0.441176470588235,49,1.44117647058824,54,1.58823529411765,70,2.05882352941176,52,1.52941176470588,12,0.352941176470588,64,1.88235294117647,30,0.882352941176471,14,0.411764705882353,3,0.0882352941176471,43,1.26470588235294,51,1.5,227,6.67647058823529,1538,45.2352941176471,0.387,0.771,0.413,0.306,0.424,1.37953924769112,0.120003644515148,59718
"81","Kalani Brown",2019,22,"LAS",1.2,28,0,377,13.4642857142857,54,1.92857142857143,113,4.03571428571429,54,1.92857142857143,112,4,0,0,1,0.0357142857142857,36,1.28571428571429,46,1.64285714285714,64,2.28571428571429,34,1.21428571428571,98,3.5,17,0.607142857142857,9,0.321428571428571,22,0.785714285714286,29,1.03571428571429,47,1.67857142857143,144,5.14285714285714,3082,110.071428571429,0.478,0.783,0.482,0,0.478,1.24320585749546,0.0581992401065735,49539
"82","Kaleena Mosqueda-Lewis",2019,25,"SEA",-0.1,31,4,435,14.0322580645161,65,2.09677419354839,163,5.25806451612903,37,1.19354838709677,81,2.61290322580645,28,0.903225806451613,82,2.64516129032258,14,0.451612903225806,14,0.451612903225806,27,0.870967741935484,9,0.290322580645161,36,1.16129032258065,16,0.516129032258065,8,0.258064516129032,5,0.161290322580645,36,1.16129032258065,40,1.29032258064516,172,5.54838709677419,1555,50.1612903225806,0.399,1,0.457,0.341,0.485,3.57672573216405,0.235880099041131,70000
"83","Karima Christmas-Kelly",2019,29,"MIN",0,6,0,72,12,5,0.833333333333333,18,3,2,0.333333333333333,7,1.16666666666667,3,0.5,11,1.83333333333333,3,0.5,5,0.833333333333333,4,0.666666666666667,1,0.166666666666667,5,0.833333333333333,6,1,5,0.833333333333333,1,0.166666666666667,4,0.666666666666667,8,1.33333333333333,16,2.66666666666667,1441,240.166666666667,0.278,0.6,0.286,0.273,0.361,-3.49576816681685,-0.195245515900267,102000
"84","Karlie Samuelson",2019,24,"TOT",0,7,0,84,12,3,0.428571428571429,14,2,0,0,2,0.285714285714286,3,0.428571428571429,12,1.71428571428571,0,0,0,0,3,0.428571428571429,1,0.142857142857143,4,0.571428571428571,5,0.714285714285714,3,0.428571428571429,1,0.142857142857143,0,0,8,1.14285714285714,9,1.28571428571429,104,14.8571428571429,0.214,NA,0,0.25,0.321,5.44830665408046,0.437102916571353,41965
"85","Katie Lou Samuelson",2019,22,"CHI",0.3,20,0,153,7.65,12,0.6,38,1.9,4,0.2,9,0.45,8,0.4,29,1.45,16,0.8,20,1,13,0.65,4,0.2,17,0.85,7,0.35,6,0.3,2,0.1,5,0.25,15,0.75,48,2.4,791,39.55,0.316,0.8,0.444,0.276,0.421,8.54137475129869,1.13815707952071,53537
"86","Kayla Alexander",2019,28,"CHI",0.1,3,0,20,6.66666666666667,3,1,4,1.33333333333333,3,1,4,1.33333333333333,0,0,0,0,3,1,4,1.33333333333333,5,1.66666666666667,2,0.666666666666667,7,2.33333333333333,1,0.333333333333333,0,0,0,0,1,0.333333333333333,3,1,9,3,1599,533,0.75,0.75,0.75,NA,0.75,-11.0199138394362,-0.478499569562976,6069
"87","Kayla McBride",2019,27,"LVA",3.7,34,34,990,29.1176470588235,152,4.47058823529412,358,10.5294117647059,90,2.64705882352941,213,6.26470588235294,62,1.82352941176471,145,4.26470588235294,87,2.55882352941176,96,2.82352941176471,119,3.5,22,0.647058823529412,141,4.14705882352941,88,2.58823529411765,41,1.20588235294118,3,0.0882352941176471,59,1.73529411764706,46,1.35294117647059,453,13.3235294117647,1,0.0294117647058824,0.425,0.906,0.423,0.428,0.511,0.192726429727096,-0.0175369987871994,115000
"88","Kayla Thornton",2019,26,"DAL",0.6,27,25,822,30.4444444444444,99,3.66666666666667,289,10.7037037037037,71,2.62962962962963,186,6.88888888888889,28,1.03703703703704,103,3.81481481481481,54,2,58,2.14814814814815,94,3.48148148148148,49,1.81481481481481,143,5.2962962962963,48,1.77777777777778,25,0.925925925925926,8,0.296296296296296,44,1.62962962962963,60,2.22222222222222,280,10.3703703703704,659,24.4074074074074,0.343,0.931,0.382,0.272,0.391,1.99483066102099,0.558471092648933,86000
"89","Kelsey Mitchell",2019,23,"IND",1.1,34,20,852,25.0588235294118,167,4.91176470588235,432,12.7058823529412,88,2.58823529411765,221,6.5,79,2.32352941176471,211,6.20588235294118,51,1.5,61,1.79411764705882,52,1.52941176470588,4,0.117647058823529,56,1.64705882352941,90,2.64705882352941,15,0.441176470588235,4,0.117647058823529,57,1.67647058823529,57,1.67647058823529,464,13.6470588235294,525,15.4411764705882,0.387,0.836,0.398,0.374,0.478,7.1373254703237,0.925123972913255,53616
"90","Kelsey Plum",2019,24,"LVA",1.2,34,30,868,25.5294117647059,107,3.14705882352941,293,8.61764705882353,62,1.82352941176471,168,4.94117647058824,45,1.32352941176471,125,3.67647058823529,34,1,39,1.14705882352941,82,2.41176470588235,15,0.441176470588235,97,2.85294117647059,102,3,27,0.794117647058823,4,0.117647058823529,53,1.55882352941176,76,2.23529411764706,293,8.61764705882353,2447,71.9705882352941,0.365,0.872,0.369,0.36,0.442,0.0368316375593414,-0.0160241029459508,57886
"91","Kenisha Bell",2019,23,"MIN",0,3,0,11,3.66666666666667,0,0,1,0.333333333333333,0,0,0,0,0,0,1,0.333333333333333,0,0,0,0,1,0.333333333333333,0,0,1,0.333333333333333,1,0.333333333333333,0,0,0,0,1,0.333333333333333,1,0.333333333333333,0,0,4253,1417.66666666667,0,NA,NA,0,0,7.13861315596048,0.232975571219388,41695
"92","Kennedy Burke",2019,22,"IND",0.6,31,7,423,13.6451612903226,45,1.45161290322581,117,3.7741935483871,31,1,77,2.48387096774194,14,0.451612903225806,40,1.29032258064516,31,1,44,1.41935483870968,27,0.870967741935484,18,0.580645161290323,45,1.45161290322581,22,0.709677419354839,18,0.580645161290323,10,0.32258064516129,21,0.67741935483871,30,0.967741935483871,135,4.35483870967742,2148,69.2903225806452,0.385,0.705,0.403,0.35,0.444,6.68148132199307,0.779115420731768,41965
"93","Kia Nurse",2019,23,"NYL",1.9,34,34,1001,29.4411764705882,142,4.17647058823529,361,10.6176470588235,77,2.26470588235294,177,5.20588235294118,65,1.91176470588235,184,5.41176470588235,116,3.41176470588235,133,3.91176470588235,66,1.94117647058824,19,0.558823529411765,85,2.5,78,2.29411764705882,25,0.735294117647059,4,0.117647058823529,56,1.64705882352941,60,1.76470588235294,465,13.6764705882353,130,3.82352941176471,0.393,0.872,0.435,0.353,0.483,9.78565062321983,1.95665824005775,44273
"94","Kim Mestdagh",2019,29,"WAS",0.1,15,0,71,4.73333333333333,7,0.466666666666667,18,1.2,1,0.0666666666666667,3,0.2,6,0.4,15,1,2,0.133333333333333,2,0.133333333333333,3,0.2,1,0.0666666666666667,4,0.266666666666667,6,0.4,2,0.133333333333333,0,0,6,0.4,5,0.333333333333333,22,1.46666666666667,4281,285.4,0.389,1,0.333,0.4,0.556,-9.2483772925725,-0.696170026397448,41965
"95","Kristi Toliver",2019,32,"WAS",3.3,23,23,678,29.4782608695652,116,5.04347826086957,235,10.2173913043478,80,3.47826086956522,135,5.8695652173913,36,1.56521739130435,100,4.34782608695652,30,1.30434782608696,35,1.52173913043478,56,2.43478260869565,11,0.478260869565217,67,2.91304347826087,137,5.95652173913043,27,1.17391304347826,2,0.0869565217391304,47,2.04347826086957,31,1.34782608695652,298,12.9565217391304,1723,74.9130434782609,0.494,0.857,0.593,0.36,0.57,-3.33143374765247,-0.663818934823831,115000
"96","Kristine Anigwe",2019,22,"TOT",0.1,27,0,250,9.25925925925926,22,0.814814814814815,68,2.51851851851852,22,0.814814814814815,68,2.51851851851852,0,0,0,0,22,0.814814814814815,32,1.18518518518519,38,1.40740740740741,28,1.03703703703704,66,2.44444444444444,6,0.222222222222222,9,0.333333333333333,8,0.296296296296296,17,0.62962962962963,39,1.44444444444444,66,2.44444444444444,823,30.4814814814815,0.324,0.688,0.324,NA,0.324,5.8206432078234,0.5750413956104,44207
"97","LaToya Sanders",2019,32,"WAS",3.4,34,34,804,23.6470588235294,87,2.55882352941176,172,5.05882352941176,87,2.55882352941176,172,5.05882352941176,0,0,0,0,33,0.970588235294118,37,1.08823529411765,142,4.17647058823529,44,1.29411764705882,186,5.47058823529412,66,1.94117647058824,30,0.882352941176471,47,1.38235294117647,30,0.882352941176471,71,2.08823529411765,207,6.08823529411765,358,10.5294117647059,0.506,0.892,0.506,NA,0.506,7.81183847859467,1.68124280330863,115000
"98","Layshia Clarendon",2019,28,"CON",0.6,9,0,138,15.3333333333333,18,2,43,4.77777777777778,16,1.77777777777778,41,4.55555555555556,2,0.222222222222222,2,0.222222222222222,18,2,21,2.33333333333333,15,1.66666666666667,7,0.777777777777778,22,2.44444444444444,19,2.11111111111111,3,0.333333333333333,0,0,8,0.888888888888889,7,0.777777777777778,56,6.22222222222222,1523,169.222222222222,0.419,0.857,0.39,1,0.442,-0.198814268235134,0.159392534249935,93400
"99","Leilani Mitchell",2019,34,"PHO",3.5,32,27,971,30.34375,134,4.1875,304,9.5,60,1.875,132,4.125,74,2.3125,172,5.375,68,2.125,82,2.5625,80,2.5,16,0.5,96,3,128,4,30,0.9375,10,0.3125,58,1.8125,78,2.4375,410,12.8125,83,2.59375,0.441,0.829,0.455,0.43,0.563,-1.22052109446388,-0.512020845679421,96757
"100","Lexie Brown",2019,24,"MIN",1.6,33,0,605,18.3333333333333,84,2.54545454545455,209,6.33333333333333,32,0.96969696969697,74,2.24242424242424,52,1.57575757575758,135,4.09090909090909,30,0.909090909090909,38,1.15151515151515,38,1.15151515151515,7,0.212121212121212,45,1.36363636363636,47,1.42424242424242,31,0.939393939393939,1,0.0303030303030303,41,1.24242424242424,42,1.27272727272727,250,7.57575757575758,4912,148.848484848485,0.402,0.789,0.432,0.385,0.526,3.00815595550764,0.427292836128772,44273
"101","Liz Cambage",2019,27,"LVA",4.1,32,30,807,25.21875,196,6.125,389,12.15625,194,6.0625,377,11.78125,2,0.0625,12,0.375,116,3.625,155,4.84375,198,6.1875,63,1.96875,261,8.15625,68,2.125,19,0.59375,51,1.59375,72,2.25,88,2.75,510,15.9375,4133,129.15625,0.504,0.748,0.515,0.167,0.506,4.87707330178621,1.51295473139395,115000
"102","Maite Cazorla",2019,22,"ATL",-0.2,31,1,477,15.3870967741935,29,0.935483870967742,93,3,16,0.516129032258065,38,1.2258064516129,13,0.419354838709677,55,1.7741935483871,21,0.67741935483871,24,0.774193548387097,19,0.612903225806452,2,0.0645161290322581,21,0.67741935483871,49,1.58064516129032,18,0.580645161290323,1,0.032258064516129,29,0.935483870967742,22,0.709677419354839,92,2.96774193548387,2325,75,0.312,0.875,0.421,0.236,0.382,-1.86847523486886,0.00404255342304688,42570
"103","Maria Vadeeva",2019,20,"LAS",0.7,15,1,180,12,51,3.4,104,6.93333333333333,46,3.06666666666667,88,5.86666666666667,5,0.333333333333333,16,1.06666666666667,10,0.666666666666667,13,0.866666666666667,40,2.66666666666667,18,1.2,58,3.86666666666667,10,0.666666666666667,15,1,3,0.2,18,1.2,23,1.53333333333333,117,7.8,3553,236.866666666667,0.49,0.769,0.523,0.313,0.514,4.85365270959226,0.512901198888208,44273
"104","Marie Gulich",2019,25,"ATL",-0.1,31,1,349,11.258064516129,39,1.25806451612903,108,3.48387096774194,31,1,83,2.67741935483871,8,0.258064516129032,25,0.806451612903226,16,0.516129032258065,22,0.709677419354839,50,1.61290322580645,35,1.12903225806452,85,2.74193548387097,19,0.612903225806452,5,0.161290322580645,24,0.774193548387097,32,1.03225806451613,62,2,102,3.29032258064516,769,24.8064516129032,0.361,0.727,0.373,0.32,0.398,0.823915142301643,-0.109232430389917,44273
"105","Marina Mabrey",2019,22,"LAS",0.3,31,0,355,11.4516129032258,45,1.45161290322581,131,4.2258064516129,24,0.774193548387097,54,1.74193548387097,21,0.67741935483871,77,2.48387096774194,14,0.451612903225806,16,0.516129032258065,32,1.03225806451613,6,0.193548387096774,38,1.2258064516129,30,0.967741935483871,19,0.612903225806452,7,0.225806451612903,24,0.774193548387097,23,0.741935483870968,125,4.03225806451613,3812,122.967741935484,0.344,0.875,0.444,0.273,0.424,-7.78773509796846,-1.31583362096702,42570
"106","Marine Johannes",2019,24,"NYL",0.7,19,0,345,18.1578947368421,48,2.52631578947368,110,5.78947368421053,23,1.21052631578947,44,2.31578947368421,25,1.31578947368421,66,3.47368421052632,15,0.789473684210526,19,1,25,1.31578947368421,9,0.473684210526316,34,1.78947368421053,46,2.42105263157895,8,0.421052631578947,3,0.157894736842105,22,1.15789473684211,30,1.57894736842105,136,7.15789473684211,661,34.7894736842105,0.436,0.789,0.523,0.379,0.55,-3.91331486597886,-0.675576264515506,41965
"107","Megan Gustafson",2019,22,"DAL",0.7,25,0,238,9.52,27,1.08,55,2.2,26,1.04,46,1.84,1,0.04,9,0.36,18,0.72,20,0.8,43,1.72,20,0.8,63,2.52,7,0.28,4,0.16,6,0.24,10,0.4,26,1.04,73,2.92,2824,112.96,0.491,0.9,0.565,0.111,0.5,8.41581532370841,1.12892035953817,34194
"108","Mercedes Russell",2019,23,"SEA",3.1,34,30,870,25.5882352941176,106,3.11764705882353,204,6,106,3.11764705882353,204,6,0,0,0,0,42,1.23529411764706,65,1.91176470588235,126,3.70588235294118,81,2.38235294117647,207,6.08823529411765,35,1.02941176470588,37,1.08823529411765,17,0.5,33,0.970588235294118,85,2.5,254,7.47058823529412,527,15.5,0.52,0.646,0.52,NA,0.52,-8.23327989592868,-1.35794468106854,41965
"109","Monique Billings",2019,23,"ATL",0.7,29,2,553,19.0689655172414,56,1.93103448275862,144,4.96551724137931,55,1.89655172413793,143,4.93103448275862,1,0.0344827586206897,1,0.0344827586206897,47,1.62068965517241,60,2.06896551724138,140,4.82758620689655,61,2.10344827586207,201,6.93103448275862,16,0.551724137931034,17,0.586206896551724,12,0.413793103448276,46,1.58620689655172,66,2.27586206896552,160,5.51724137931035,2975,102.586206896552,0.389,0.783,0.385,1,0.392,10.251479053582,1.54928117639474,42632
"110","Morgan Tuck",2019,25,"CON",0.3,33,0,352,10.6666666666667,45,1.36363636363636,116,3.51515151515152,30,0.909090909090909,74,2.24242424242424,15,0.454545454545455,42,1.27272727272727,18,0.545454545454545,30,0.909090909090909,48,1.45454545454545,18,0.545454545454545,66,2,28,0.848484848484849,13,0.393939393939394,3,0.0909090909090909,30,0.909090909090909,44,1.33333333333333,123,3.72727272727273,1328,40.2424242424242,0.388,0.6,0.405,0.357,0.453,-0.969035912126564,-0.0253507472328163,64538
"111","Myisha Hines-Allen",2019,23,"WAS",0.3,27,0,211,7.81481481481481,25,0.925925925925926,69,2.55555555555556,19,0.703703703703704,53,1.96296296296296,6,0.222222222222222,16,0.592592592592593,7,0.259259259259259,12,0.444444444444444,33,1.22222222222222,25,0.925925925925926,58,2.14814814814815,24,0.888888888888889,9,0.333333333333333,11,0.407407407407407,21,0.777777777777778,32,1.18518518518519,63,2.33333333333333,2366,87.6296296296296,0.362,0.583,0.358,0.375,0.406,4.0791783175686,0.283856773268037,42632
"112","Napheesa Collier",2019,22,"MIN",5.2,34,34,1131,33.2647058823529,167,4.91176470588235,341,10.0294117647059,137,4.02941176470588,258,7.58823529411765,30,0.882352941176471,83,2.44117647058824,80,2.35294117647059,101,2.97058823529412,163,4.79411764705882,60,1.76470588235294,223,6.55882352941176,87,2.55882352941176,65,1.91176470588235,32,0.941176470588235,65,1.91176470588235,99,2.91176470588235,444,13.0588235294118,497,14.6176470588235,0.49,0.792,0.531,0.361,0.534,-5.76646154079537,-1.27513524902092,49539
"113","Natalie Achonwa",2019,26,"IND",2.7,30,18,636,21.2,99,3.3,203,6.76666666666667,96,3.2,191,6.36666666666667,3,0.1,12,0.4,60,2,66,2.2,108,3.6,48,1.6,156,5.2,48,1.6,18,0.6,20,0.666666666666667,29,0.966666666666667,77,2.56666666666667,261,8.7,3313,110.433333333333,0.488,0.909,0.503,0.25,0.495,0.459278365880154,1.39914575714326,105000
"114","Natasha Cloud",2019,27,"WAS",2.5,34,34,1093,32.1470588235294,110,3.23529411764706,279,8.20588235294118,65,1.91176470588235,141,4.14705882352941,45,1.32352941176471,138,4.05882352941176,41,1.20588235294118,60,1.76470588235294,79,2.32352941176471,6,0.176470588235294,85,2.5,189,5.55882352941176,35,1.02941176470588,7,0.205882352941176,65,1.91176470588235,69,2.02941176470588,306,9,1647,48.4411764705882,0.394,0.683,0.461,0.326,0.475,-12.4061798303891,-2.97335888054521,115000
"115","Natasha Hiedeman",2019,22,"CON",0.8,20,0,205,10.25,24,1.2,58,2.9,11,0.55,30,1.5,13,0.65,28,1.4,12,0.6,24,1.2,23,1.15,7,0.35,30,1.5,38,1.9,8,0.4,2,0.1,13,0.65,25,1.25,73,3.65,5,0.25,0.414,0.5,0.367,0.464,0.526,-5.31111059155306,-0.67062564606389,27598
"116","Natasha Howard",2019,27,"SEA",4.6,34,34,1066,31.3529411764706,227,6.67647058823529,517,15.2058823529412,195,5.73529411764706,413,12.1470588235294,32,0.941176470588235,104,3.05882352941176,128,3.76470588235294,158,4.64705882352941,187,5.5,92,2.70588235294118,279,8.20588235294118,72,2.11764705882353,74,2.17647058823529,59,1.73529411764706,99,2.91176470588235,100,2.94117647058824,614,18.0588235294118,1068,31.4117647058824,0.439,0.81,0.472,0.308,0.47,1.71762861120674,1.13124750064716,115000
"117","Nayo Raincock-Ekunwe",2019,27,"NYL",0.4,28,1,367,13.1071428571429,43,1.53571428571429,79,2.82142857142857,42,1.5,76,2.71428571428571,1,0.0357142857142857,3,0.107142857142857,16,0.571428571428571,25,0.892857142857143,38,1.35714285714286,39,1.39285714285714,77,2.75,12,0.428571428571429,8,0.285714285714286,4,0.142857142857143,22,0.785714285714286,43,1.53571428571429,103,3.67857142857143,3735,133.392857142857,0.544,0.64,0.553,0.333,0.551,7.57587380152337,1.43598638703985,41965
"118","Nia Coffey",2019,24,"ATL",0.2,28,6,389,13.8928571428571,47,1.67857142857143,139,4.96428571428571,25,0.892857142857143,81,2.89285714285714,22,0.785714285714286,58,2.07142857142857,23,0.821428571428571,42,1.5,55,1.96428571428571,23,0.821428571428571,78,2.78571428571429,12,0.428571428571429,14,0.5,13,0.464285714285714,21,0.75,52,1.85714285714286,139,4.96428571428571,1451,51.8214285714286,0.338,0.548,0.309,0.379,0.417,2.56721841721851,0.58611279281032,53563
"119","Nneka Ogwumike",2019,28,"LAS",5.5,32,32,892,27.875,207,6.46875,406,12.6875,184,5.75,338,10.5625,23,0.71875,68,2.125,77,2.40625,93,2.90625,209,6.53125,73,2.28125,282,8.8125,58,1.8125,60,1.875,15,0.46875,58,1.8125,92,2.875,514,16.0625,647,20.21875,0.51,0.828,0.544,0.338,0.538,-3.96849923068524,-1.46538859869169,115000
"120","Odyssey Sims",2019,26,"MIN",2.1,34,34,1083,31.8529411764706,189,5.55882352941176,455,13.3823529411765,164,4.82352941176471,362,10.6470588235294,25,0.735294117647059,93,2.73529411764706,89,2.61764705882353,112,3.29411764705882,90,2.64705882352941,24,0.705882352941177,114,3.35294117647059,185,5.44117647058824,46,1.35294117647059,4,0.117647058823529,112,3.29411764705882,68,2,492,14.4705882352941,4799,141.147058823529,0.415,0.795,0.453,0.269,0.443,2.53085776808033,0.305995821029435,115000
"121","Paris Kea",2019,23,"IND",-0.1,11,0,60,5.45454545454545,11,1,27,2.45454545454545,6,0.545454545454545,18,1.63636363636364,5,0.454545454545455,9,0.818181818181818,2,0.181818181818182,4,0.363636363636364,4,0.363636363636364,1,0.0909090909090909,5,0.454545454545455,6,0.545454545454545,1,0.0909090909090909,2,0.181818181818182,9,0.818181818181818,4,0.363636363636364,29,2.63636363636364,2256,205.090909090909,0.407,0.5,0.333,0.556,0.5,-3.58919124794757,-0.605214616910266,41965
"122","Rachel Banham",2019,25,"CON",-0.2,29,0,353,12.1724137931034,37,1.27586206896552,115,3.96551724137931,15,0.517241379310345,43,1.48275862068966,22,0.758620689655172,72,2.48275862068966,9,0.310344827586207,13,0.448275862068966,29,1,1,0.0344827586206897,30,1.03448275862069,26,0.896551724137931,8,0.275862068965517,2,0.0689655172413793,26,0.896551724137931,34,1.17241379310345,105,3.62068965517241,2643,91.1379310344828,0.322,0.692,0.349,0.306,0.417,0.621872576098795,0.257054422865445,64538
"123","Rebecca Allen",2019,26,"NYL",0.6,24,2,412,17.1666666666667,65,2.70833333333333,156,6.5,36,1.5,88,3.66666666666667,29,1.20833333333333,68,2.83333333333333,13,0.541666666666667,16,0.666666666666667,49,2.04166666666667,12,0.5,61,2.54166666666667,17,0.708333333333333,12,0.5,18,0.75,17,0.708333333333333,51,2.125,172,7.16666666666667,2357,98.2083333333333,0.417,0.813,0.409,0.426,0.51,8.79716739223731,1.30398179285206,80000
"124","Renee Montgomery",2019,32,"ATL",0.9,34,34,949,27.9117647058824,107,3.14705882352941,289,8.5,39,1.14705882352941,79,2.32352941176471,68,2,210,6.17647058823529,42,1.23529411764706,51,1.5,65,1.91176470588235,9,0.264705882352941,74,2.17647058823529,90,2.64705882352941,31,0.911764705882353,6,0.176470588235294,64,1.88235294117647,51,1.5,324,9.52941176470588,3281,96.5,0.37,0.824,0.494,0.324,0.488,-2.80561594308881,-0.444357212739208,107000
"125","Reshanda Gray",2019,26,"NYL",0.5,34,10,519,15.2647058823529,71,2.08823529411765,150,4.41176470588235,70,2.05882352941176,148,4.35294117647059,1,0.0294117647058824,2,0.0588235294117647,35,1.02941176470588,62,1.82352941176471,114,3.35294117647059,62,1.82352941176471,176,5.17647058823529,18,0.529411764705882,16,0.470588235294118,7,0.205882352941176,42,1.23529411764706,113,3.32352941176471,178,5.23529411764706,4119,121.147058823529,0.473,0.565,0.473,0.5,0.477,-4.13949048844846,-0.752948323947445,41965
"126","Riquna Williams",2019,29,"LAS",2,23,14,593,25.7826086956522,93,4.04347826086957,242,10.5217391304348,39,1.69565217391304,104,4.52173913043478,54,2.34782608695652,138,6,44,1.91304347826087,50,2.17391304347826,47,2.04347826086957,13,0.565217391304348,60,2.60869565217391,37,1.60869565217391,26,1.1304347826087,4,0.173913043478261,28,1.21739130434783,58,2.52173913043478,284,12.3478260869565,2954,128.434782608696,0.384,0.88,0.375,0.391,0.496,1.34216058941304,0.478728504495863,110000
"127","Sami Whitcomb",2019,30,"SEA",1.2,33,13,674,20.4242424242424,82,2.48484848484848,224,6.78787878787879,19,0.575757575757576,40,1.21212121212121,63,1.90909090909091,184,5.57575757575758,11,0.333333333333333,11,0.333333333333333,40,1.21212121212121,17,0.515151515151515,57,1.72727272727273,78,2.36363636363636,36,1.09090909090909,4,0.121212121212121,52,1.57575757575758,49,1.48484848484848,238,7.21212121212121,103,3.12121212121212,0.366,1,0.475,0.342,0.507,6.29366771102903,1.22039487373387,50000
"128","Sancho Lyttle",2019,35,"PHO",0.2,20,2,250,12.5,26,1.3,62,3.1,25,1.25,58,2.9,1,0.05,4,0.2,5,0.25,8,0.4,44,2.2,14,0.7,58,2.9,6,0.3,12,0.6,5,0.25,12,0.6,27,1.35,58,2.9,3521,176.05,0.419,0.625,0.431,0.25,0.427,0.919336321054889,0.159184760256843,80000
"129","Seimone Augustus",2019,35,"MIN",-0.4,12,7,156,13,20,1.66666666666667,64,5.33333333333333,18,1.5,52,4.33333333333333,2,0.166666666666667,12,1,3,0.25,4,0.333333333333333,5,0.416666666666667,2,0.166666666666667,7,0.583333333333333,15,1.25,5,0.416666666666667,1,0.0833333333333333,12,1,5,0.416666666666667,45,3.75,3136,261.333333333333,0.313,0.75,0.346,0.167,0.328,9.17510174677134,1.05183958886317,111000
"130","Shao Ting",2019,29,"MIN",-0.1,5,0,27,5.4,2,0.4,10,2,2,0.4,10,2,0,0,0,0,2,0.4,3,0.6,4,0.8,2,0.4,6,1.2,2,0.4,0,0,1,0.2,2,0.4,6,1.2,6,1.2,2853,570.6,0.2,0.667,0.2,NA,0.2,-16.5965605720474,-0.779596656952581,41965
"131","Shatori Walker-Kimbrough",2019,24,"WAS",1.9,34,1,580,17.0588235294118,76,2.23529411764706,176,5.17647058823529,54,1.58823529411765,105,3.08823529411765,22,0.647058823529412,71,2.08823529411765,53,1.55882352941176,57,1.67647058823529,36,1.05882352941176,17,0.5,53,1.55882352941176,42,1.23529411764706,28,0.823529411764706,8,0.235294117647059,34,1,41,1.20588235294118,227,6.67647058823529,733,21.5588235294118,0.432,0.93,0.514,0.31,0.494,-8.90859958101661,-1.6856486288623,53563
"132","Shavonte Zellous",2019,32,"SEA",0.1,31,4,432,13.9354838709677,44,1.41935483870968,116,3.74193548387097,38,1.2258064516129,84,2.70967741935484,6,0.193548387096774,32,1.03225806451613,30,0.967741935483871,40,1.29032258064516,42,1.35483870967742,6,0.193548387096774,48,1.54838709677419,45,1.45161290322581,10,0.32258064516129,6,0.193548387096774,35,1.12903225806452,44,1.41935483870968,124,4,1462,47.1612903225806,0.379,0.75,0.452,0.188,0.405,0.297811370173124,-0.100165917418901,65000
"133","Shekinna Stricklen",2019,28,"CON",2.6,34,34,804,23.6470588235294,104,3.05882352941176,255,7.5,28,0.823529411764706,56,1.64705882352941,76,2.23529411764706,199,5.85294117647059,22,0.647058823529412,27,0.794117647058823,56,1.64705882352941,9,0.264705882352941,65,1.91176470588235,39,1.14705882352941,34,1,7,0.205882352941176,28,0.823529411764706,79,2.32352941176471,306,9,3368,99.0588235294118,0.408,0.815,0.5,0.382,0.557,1.96297930261947,0.79344205651047,106000
"134","Shenise Johnson",2019,28,"IND",0.2,17,0,219,12.8823529411765,30,1.76470588235294,90,5.29411764705882,22,1.29411764705882,57,3.35294117647059,8,0.470588235294118,33,1.94117647058824,15,0.882352941176471,16,0.941176470588235,24,1.41176470588235,11,0.647058823529412,35,2.05882352941176,18,1.05882352941176,12,0.705882352941177,2,0.117647058823529,12,0.705882352941177,17,1,83,4.88235294117647,884,52,0.333,0.938,0.386,0.242,0.378,6.44347511337422,0.499105156997603,104000
"135","Shey Peddy",2019,30,"WAS",0.5,15,0,71,4.73333333333333,8,0.533333333333333,13,0.866666666666667,4,0.266666666666667,5,0.333333333333333,4,0.266666666666667,8,0.533333333333333,6,0.4,6,0.4,8,0.533333333333333,1,0.0666666666666667,9,0.6,8,0.533333333333333,4,0.266666666666667,0,0,3,0.2,8,0.533333333333333,26,1.73333333333333,1530,102,0.615,1,0.8,0.5,0.769,5.5267969535625,0.641744565991669,2723
"136","Sophie Cunningham",2019,22,"PHO",0.5,32,5,389,12.15625,28,0.875,79,2.46875,14,0.4375,33,1.03125,14,0.4375,46,1.4375,30,0.9375,34,1.0625,39,1.21875,6,0.1875,45,1.40625,25,0.78125,11,0.34375,4,0.125,20,0.625,53,1.65625,100,3.125,3235,101.09375,0.354,0.882,0.424,0.304,0.443,-3.45617527911228,-0.607118129778954,42570
"137","Stefanie Dolson",2019,27,"CHI",2.7,34,34,850,25,121,3.55882352941176,233,6.85294117647059,91,2.67647058823529,150,4.41176470588235,30,0.882352941176471,83,2.44117647058824,44,1.29411764705882,49,1.44117647058824,148,4.35294117647059,41,1.20588235294118,189,5.55882352941176,75,2.20588235294118,21,0.617647058823529,34,1,66,1.94117647058824,125,3.67647058823529,316,9.29411764705882,1881,55.3235294117647,0.519,0.898,0.607,0.361,0.584,-2.34125363267654,-0.0570218709193786,115000
"138","Stephanie Mavunga",2019,24,"IND",0.6,24,0,204,8.5,24,1,47,1.95833333333333,24,1,46,1.91666666666667,0,0,1,0.0416666666666667,12,0.5,17,0.708333333333333,35,1.45833333333333,21,0.875,56,2.33333333333333,4,0.166666666666667,6,0.25,7,0.291666666666667,10,0.416666666666667,39,1.625,60,2.5,310,12.9166666666667,0.511,0.706,0.522,0,0.511,-7.69620048420167,-0.249050061679633,42632
"139","Stephanie Talbot",2019,25,"MIN",1.1,33,10,561,17,57,1.72727272727273,154,4.66666666666667,26,0.787878787878788,59,1.78787878787879,31,0.939393939393939,95,2.87878787878788,27,0.818181818181818,31,0.939393939393939,61,1.84848484848485,18,0.545454545454545,79,2.39393939393939,41,1.24242424242424,30,0.909090909090909,9,0.272727272727273,42,1.27272727272727,37,1.12121212121212,172,5.21212121212121,1306,39.5757575757576,0.37,0.871,0.441,0.326,0.471,-10.5019651506841,-2.28733720428332,43311
"140","Sugar Rodgers",2019,29,"LVA",0.5,33,0,382,11.5757575757576,40,1.21212121212121,111,3.36363636363636,10,0.303030303030303,27,0.818181818181818,30,0.909090909090909,84,2.54545454545455,3,0.0909090909090909,5,0.151515151515152,44,1.33333333333333,4,0.121212121212121,48,1.45454545454545,39,1.18181818181818,13,0.393939393939394,12,0.363636363636364,27,0.818181818181818,37,1.12121212121212,113,3.42424242424242,3968,120.242424242424,0.36,0.6,0.37,0.357,0.495,0.423561895379273,0.0206241786484923,102000
"141","Sydney Colson",2019,29,"LVA",1.2,33,0,379,11.4848484848485,37,1.12121212121212,84,2.54545454545455,28,0.848484848484849,64,1.93939393939394,9,0.272727272727273,20,0.606060606060606,27,0.818181818181818,33,1,21,0.636363636363636,2,0.0606060606060606,23,0.696969696969697,59,1.78787878787879,31,0.939393939393939,4,0.121212121212121,28,0.848484848484849,40,1.21212121212121,110,3.33333333333333,1617,49,0.44,0.818,0.438,0.45,0.494,-1.84489549016296,-0.41823936248962,56375
"142","Sydney Wiese",2019,24,"LAS",0.8,32,16,659,20.59375,55,1.71875,143,4.46875,21,0.65625,50,1.5625,34,1.0625,93,2.90625,9,0.28125,9,0.28125,37,1.15625,5,0.15625,42,1.3125,57,1.78125,15,0.46875,8,0.25,32,1,27,0.84375,153,4.78125,5002,156.3125,0.385,1,0.42,0.366,0.503,8.04886297356683,2.23604120050366,47798
"143","Sylvia Fowles",2019,33,"MIN",5.3,34,34,1003,29.5,197,5.79411764705882,335,9.85294117647059,197,5.79411764705882,335,9.85294117647059,0,0,0,0,70,2.05882352941176,99,2.91176470588235,210,6.17647058823529,92,2.70588235294118,302,8.88235294117647,51,1.5,32,0.941176470588235,47,1.38235294117647,68,2,88,2.58823529411765,464,13.6470588235294,1162,34.1764705882353,0.588,0.707,0.588,NA,0.588,-1.65935926023096,-0.237205425172219,113360
"144","Tamera Young",2019,32,"LVA",0.6,34,4,628,18.4705882352941,68,2,179,5.26470588235294,63,1.85294117647059,163,4.79411764705882,5,0.147058823529412,16,0.470588235294118,39,1.14705882352941,61,1.79411764705882,89,2.61764705882353,35,1.02941176470588,124,3.64705882352941,67,1.97058823529412,23,0.676470588235294,4,0.117647058823529,48,1.41176470588235,61,1.79411764705882,180,5.29411764705882,4563,134.205882352941,0.38,0.639,0.387,0.313,0.394,2.3924042345827,0.55956475736061,97600
"145","Tanisha Wright",2019,35,"NYL",0.6,31,17,613,19.7741935483871,54,1.74193548387097,130,4.19354838709677,40,1.29032258064516,92,2.96774193548387,14,0.451612903225806,38,1.2258064516129,25,0.806451612903226,31,1,65,2.09677419354839,21,0.67741935483871,86,2.7741935483871,126,4.06451612903226,32,1.03225806451613,9,0.290322580645161,57,1.83870967741935,67,2.16129032258065,147,4.74193548387097,97,3.12903225806452,0.415,0.806,0.435,0.368,0.469,-2.88881988450497,-0.492984645405172,94860
"146","Tayler Hill",2019,28,"DAL",0.1,4,2,49,12.25,4,1,13,3.25,3,0.75,7,1.75,1,0.25,6,1.5,4,1,5,1.25,3,0.75,2,0.5,5,1.25,3,0.75,1,0.25,0,0,0,0,4,1,13,3.25,4470,1117.5,0.308,0.8,0.429,0.167,0.346,6.43069997034744,0.426494161392899,115000
"147","Teaira McCowan",2019,22,"IND",3.9,34,16,752,22.1176470588235,119,3.5,230,6.76470588235294,119,3.5,230,6.76470588235294,0,0,0,0,103,3.02941176470588,150,4.41176470588235,197,5.79411764705882,108,3.17647058823529,305,8.97058823529412,8,0.235294117647059,20,0.588235294117647,44,1.29411764705882,44,1.29411764705882,110,3.23529411764706,341,10.0294117647059,2192,64.4705882352941,0.517,0.687,0.517,NA,0.517,-10.7836672306481,-1.41604346416427,53537
"148","Temi Fagbenle",2019,26,"MIN",0.2,18,0,271,15.0555555555556,42,2.33333333333333,81,4.5,41,2.27777777777778,75,4.16666666666667,1,0.0555555555555556,6,0.333333333333333,13,0.722222222222222,18,1,30,1.66666666666667,22,1.22222222222222,52,2.88888888888889,15,0.833333333333333,6,0.333333333333333,6,0.333333333333333,32,1.77777777777778,41,2.27777777777778,98,5.44444444444444,1320,73.3333333333333,0.519,0.722,0.547,0.167,0.525,-0.201741243455328,0.0764265635329201,48564
"149","Theresa Plaisance",2019,27,"TOT",0.7,31,12,442,14.258064516129,54,1.74193548387097,146,4.70967741935484,29,0.935483870967742,73,2.35483870967742,25,0.806451612903226,73,2.35483870967742,21,0.67741935483871,26,0.838709677419355,89,2.87096774193548,24,0.774193548387097,113,3.64516129032258,34,1.09677419354839,9,0.290322580645161,19,0.612903225806452,31,1,65,2.09677419354839,154,4.96774193548387,4831,155.838709677419,0.37,0.808,0.397,0.342,0.455,6.70821771956268,1.06755702872581,104000
"150","Tianna Hawkins",2019,28,"WAS",2.7,31,1,477,15.3870967741935,113,3.64516129032258,220,7.09677419354839,80,2.58064516129032,129,4.16129032258065,33,1.06451612903226,91,2.93548387096774,37,1.19354838709677,40,1.29032258064516,82,2.64516129032258,47,1.51612903225806,129,4.16129032258065,23,0.741935483870968,14,0.451612903225806,4,0.129032258064516,35,1.12903225806452,77,2.48387096774194,296,9.54838709677419,146,4.70967741935484,0.514,0.925,0.62,0.363,0.589,2.84436919007318,0.104874064933824,70000
"151","Tierra Ruffin-Pratt",2019,28,"LAS",1.5,34,33,856,25.1764705882353,72,2.11764705882353,196,5.76470588235294,47,1.38235294117647,123,3.61764705882353,25,0.735294117647059,73,2.14705882352941,35,1.02941176470588,41,1.20588235294118,63,1.85294117647059,20,0.588235294117647,83,2.44117647058824,57,1.67647058823529,26,0.764705882352941,20,0.588235294117647,29,0.852941176470588,91,2.67647058823529,204,6,3834,112.764705882353,0.367,0.854,0.382,0.342,0.431,-4.98934641129067,-1.19314796729662,56375
"152","Tiffany Bias",2019,27,"NYL",-0.3,12,0,105,8.75,7,0.583333333333333,28,2.33333333333333,4,0.333333333333333,9,0.75,3,0.25,19,1.58333333333333,6,0.5,7,0.583333333333333,6,0.5,0,0,6,0.5,11,0.916666666666667,3,0.25,0,0,8,0.666666666666667,7,0.583333333333333,23,1.91666666666667,3593,299.416666666667,0.25,0.857,0.444,0.158,0.304,4.51723971667933,0.37003605166627,41695
"153","Tiffany Hayes",2019,29,"ATL",1,29,29,817,28.1724137931034,147,5.06896551724138,374,12.8965517241379,111,3.82758620689655,257,8.86206896551724,36,1.24137931034483,117,4.03448275862069,97,3.3448275862069,127,4.37931034482759,66,2.27586206896552,21,0.724137931034483,87,3,82,2.82758620689655,29,1,8,0.275862068965517,70,2.41379310344828,71,2.44827586206897,427,14.7241379310345,2909,100.310344827586,0.393,0.764,0.432,0.308,0.441,-8.99261879840203,-1.93104340015189,115260
"154","Tiffany Mitchell",2019,24,"IND",0.8,33,14,831,25.1818181818182,109,3.3030303030303,286,8.66666666666667,89,2.6969696969697,217,6.57575757575758,20,0.606060606060606,69,2.09090909090909,83,2.51515151515152,93,2.81818181818182,73,2.21212121212121,22,0.666666666666667,95,2.87878787878788,71,2.15151515151515,19,0.575757575757576,3,0.0909090909090909,55,1.66666666666667,83,2.51515151515152,321,9.72727272727273,2502,75.8181818181818,0.381,0.892,0.41,0.29,0.416,6.71276544209735,0.791907217625947,53290
"155","Tina Charles",2019,30,"NYL",-0.1,33,33,1028,31.1515151515152,220,6.66666666666667,566,17.1515151515152,209,6.33333333333333,507,15.3636363636364,11,0.333333333333333,59,1.78787878787879,108,3.27272727272727,133,4.03030303030303,184,5.57575757575758,65,1.96969696969697,249,7.54545454545455,78,2.36363636363636,23,0.696969696969697,29,0.878787878787879,85,2.57575757575758,92,2.78787878787879,559,16.9393939393939,3633,110.090909090909,0.389,0.812,0.412,0.186,0.398,-6.33121272750441,-1.29349702338073,117500
"156","Victoria Macaulay",2019,28,"CHI",0.1,5,0,22,4.4,2,0.4,5,1,2,0.4,5,1,0,0,0,0,2,0.4,2,0.4,3,0.6,1,0.2,4,0.8,0,0,2,0.4,1,0.2,0,0,3,0.6,6,1.2,954,190.8,0.4,1,0.4,NA,0.4,-2.6734833011959,-0.0959190591616551,21000
"157","Yvonne Turner",2019,31,"PHO",-0.3,29,14,595,20.5172413793103,59,2.03448275862069,172,5.93103448275862,33,1.13793103448276,93,3.20689655172414,26,0.896551724137931,79,2.72413793103448,43,1.48275862068966,49,1.68965517241379,72,2.48275862068966,8,0.275862068965517,80,2.75862068965517,67,2.31034482758621,18,0.620689655172414,2,0.0689655172413793,59,2.03448275862069,37,1.27586206896552,187,6.44827586206897,400,13.7931034482759,0.343,0.878,0.355,0.329,0.419,3.59561004652795,0.771320247053695,41965
