"","Player","Season","Age","Tm","WS","G","GS","MP","FG","FGPM","FGA","FGAPM","X2P","X2PPM","X2PA","X2PAPM","X3P","X3PPM","X3PA","X3PAPM","FT","FTPM","FTA","FTAPM","ORB","ORBPM","TRB","TRBPM","DRB","DRBPM","AST","ASPM","STL","SPM","BLK","BPM","TOV","TPM","PF","PFPM","PTS","PPM","POS","POPM","FG.","FT.","X2P.","X3P.","eFG.","APM","RAPM","Salary"
"1","A'ja Wilson",2019,22,"LVA",3.1,26,25,740,158,7.68648648648649,330,16.0540540540541,158,7.68648648648649,329,16.0054054054054,0,0,1,0.0486486486486487,114,5.54594594594595,144,7.00540540540541,43,2.09189189189189,168,8.17297297297297,125,6.08108108108108,47,2.28648648648649,13,0.632432432432432,45,2.18918918918919,56,2.72432432432432,52,2.52972972972973,430,20.9189189189189,3276,159.372972972973,0.479,0.792,0.48,0,0.479,-2.11063587479003,-0.420708134495513,53616
"2","Aerial Powers",2019,25,"WAS",3,30,7,593,108,6.55649241146712,249,15.1163575042159,66,4.00674536256324,133,8.07419898819562,42,2.54974704890388,116,7.04215851602024,85,5.1602023608769,98,5.94940978077572,34,2.06408094435076,97,5.88870151770658,63,3.82462057335582,45,2.7318718381113,25,1.5177065767285,6,0.36424957841484,44,2.67116357504216,48,2.91399662731872,343,20.822934232715,2500,151.77065767285,0.434,0.867,0.496,0.362,0.518,6.02052823492546,1.5151702611192,59718
"3","Alaina Coates",2019,24,"TOT",0.7,23,0,167,24,5.17365269461078,45,9.70059880239521,24,5.17365269461078,45,9.70059880239521,0,0,0,0,12,2.58682634730539,21,4.52694610778443,21,4.52694610778443,60,12.9341317365269,39,8.40718562874252,2,0.431137724550898,5,1.07784431137725,11,2.37125748502994,9,1.94011976047904,37,7.97604790419162,60,12.9341317365269,419,90.3233532934132,0.533,0.571,0.533,NA,0.533,0.919884513013925,0.123797503228969,25815
"4","Alana Beard",2019,37,"LAS",0.5,16,3,235,22,3.37021276595745,49,7.5063829787234,21,3.21702127659574,44,6.74042553191489,1,0.153191489361702,5,0.765957446808511,7,1.07234042553191,9,1.37872340425532,2,0.306382978723404,24,3.67659574468085,22,3.37021276595745,23,3.52340425531915,12,1.83829787234043,3,0.459574468085106,9,1.37872340425532,21,3.21702127659574,52,7.96595744680851,3004,460.187234042553,0.449,0.778,0.477,0.2,0.459,-0.975534507504786,0.0727005982454949,108000
"5","Alanna Smith",2019,22,"PHO",-0.5,18,0,134,8,2.14925373134328,41,11.0149253731343,6,1.61194029850746,23,6.17910447761194,2,0.537313432835821,18,4.83582089552239,1,0.26865671641791,2,0.537313432835821,11,2.95522388059702,35,9.40298507462687,24,6.44776119402985,4,1.07462686567164,5,1.34328358208955,5,1.34328358208955,8,2.14925373134328,18,4.83582089552239,19,5.1044776119403,4049,1087.79104477612,0.195,0.5,0.261,0.111,0.22,-1.79649142459452,-0.222565019917364,49539
"6","Alex Bentley",2019,28,"ATL",-1,29,4,634,99,5.62145110410095,323,18.3406940063091,67,3.80441640378549,187,10.6182965299685,32,1.81703470031546,136,7.72239747634069,30,1.70347003154574,35,1.98738170347003,10,0.56782334384858,54,3.06624605678233,44,2.49842271293375,86,4.88328075709779,21,1.19242902208202,9,0.511041009463722,44,2.49842271293375,56,3.17981072555205,260,14.7634069400631,83,4.71293375394322,0.307,0.857,0.358,0.235,0.356,-3.03637771115742,-0.41253955285729,115000
"7","Alexis Jones",2019,25,"LAS",0.1,20,1,243,28,4.14814814814815,70,10.3703703703704,17,2.51851851851852,37,5.48148148148148,11,1.62962962962963,33,4.88888888888889,12,1.77777777777778,15,2.22222222222222,2,0.296296296296296,22,3.25925925925926,20,2.96296296296296,36,5.33333333333333,6,0.888888888888889,4,0.592592592592593,27,4,29,4.2962962962963,79,11.7037037037037,2458,364.148148148148,0.4,0.8,0.459,0.333,0.479,-1.01110682281054,0.00258871280563739,47798
"8","Allie Quigley",2019,33,"CHI",3.7,34,34,972,171,6.33333333333333,347,12.8518518518519,91,3.37037037037037,166,6.14814814814815,80,2.96296296296296,181,6.7037037037037,47,1.74074074074074,54,2,13,0.481481481481481,101,3.74074074074074,88,3.25925925925926,85,3.14814814814815,27,1,7,0.259259259259259,46,1.7037037037037,61,2.25925925925926,469,17.3703703703704,73,2.7037037037037,0.493,0.87,0.548,0.442,0.608,4.66501810017334,1.27247999804194,117500
"9","Allisha Gray",2019,24,"DAL",3.6,34,29,1035,117,4.0695652173913,256,8.90434782608696,84,2.92173913043478,170,5.91304347826087,33,1.14782608695652,86,2.99130434782609,95,3.30434782608696,112,3.89565217391304,45,1.56521739130435,141,4.90434782608696,96,3.33913043478261,78,2.71304347826087,42,1.46086956521739,14,0.48695652173913,49,1.70434782608696,87,3.02608695652174,362,12.5913043478261,3638,126.539130434783,0.457,0.848,0.494,0.384,0.521,3.36430060913999,1.18160793134853,57886
"10","Alysha Clark",2019,31,"SEA",3.1,31,30,881,114,4.6583427922815,237,9.6844494892168,63,2.57434733257662,131,5.35300794551646,51,2.08399545970488,106,4.33144154370034,18,0.735527809307605,22,0.898978433598184,37,1.51191827468785,145,5.92508513053348,108,4.41316685584563,79,3.22814982973893,33,1.34846765039728,17,0.69466515323496,48,1.96140749148695,60,2.45175936435868,297,12.1362088535755,123,5.0261066969353,0.481,0.818,0.481,0.481,0.589,7.07628250839619,1.21093385421156,84100
"11","Alyssa Thomas",2019,27,"CON",3.7,34,34,1026,168,5.89473684210526,333,11.6842105263158,168,5.89473684210526,332,11.6491228070175,0,0,1,0.0350877192982456,60,2.10526315789474,121,4.24561403508772,83,2.91228070175439,264,9.26315789473684,181,6.35087719298246,104,3.64912280701754,66,2.31578947368421,13,0.456140350877193,69,2.42105263157895,96,3.36842105263158,396,13.8947368421053,93,3.26315789473684,0.505,0.496,0.506,0,0.505,-5.58363330188094,-1.36424690722572,115000
"12","Amanda Zahui B.",2019,25,"NYL",1.4,24,23,558,81,5.2258064516129,173,11.1612903225806,59,3.80645161290323,104,6.70967741935484,22,1.41935483870968,69,4.45161290322581,23,1.48387096774194,27,1.74193548387097,26,1.67741935483871,152,9.80645161290323,126,8.12903225806452,21,1.35483870967742,26,1.67741935483871,33,2.12903225806452,32,2.06451612903226,79,5.09677419354839,207,13.3548387096774,512,33.0322580645161,0.468,0.852,0.567,0.319,0.532,1.32168564446728,0.450359643964616,108000
"13","Angel McCoughtry",2019,32,"ATL",0,1,1,0,0,NA,0,NA,0,NA,0,NA,0,NA,0,NA,0,NA,0,NA,0,NA,0,NA,0,NA,0,NA,0,NA,0,NA,0,NA,0,NA,0,NA,1010,Inf,NA,NA,NA,NA,NA,-4.73850749528081,-0.0155244282412672,117500
"14","Anriel Howard",2019,22,"SEA",0,3,0,20,2,3.6,5,9,1,1.8,3,5.4,1,1.8,2,3.6,0,0,0,0,2,3.6,3,5.4,1,1.8,0,0,1,1.8,0,0,2,3.6,4,7.2,5,9,2054,3697.2,0.4,NA,0.333,0.5,0.5,9.26087297528856,0.253760118933822,5122
"15","Arica Carter",2019,22,"PHO",-0.1,6,0,24,1,1.5,5,7.5,1,1.5,1,1.5,0,0,4,6,0,0,0,0,0,0,0,0,0,0,1,1.5,1,1.5,0,0,2,3,5,7.5,2,3,1503,2254.5,0.2,NA,1,0,0.2,-12.1283292775563,-0.66602563193023,41965
"16","Ariel Atkins",2019,22,"WAS",3,33,33,804,123,5.50746268656716,296,13.2537313432836,72,3.22388059701493,153,6.85074626865672,51,2.28358208955224,143,6.40298507462687,43,1.92537313432836,53,2.37313432835821,24,1.07462686567164,93,4.16417910447761,69,3.08955223880597,65,2.91044776119403,48,2.14925373134328,18,0.805970149253731,34,1.52238805970149,73,3.26865671641791,340,15.2238805970149,397,17.7761194029851,0.416,0.811,0.471,0.357,0.502,-0.971226913998375,-0.0658818557347305,49611
"17","Arike Ogunbowale",2019,22,"DAL",2.7,33,28,1059,214,7.27478753541077,551,18.7308781869688,157,5.3371104815864,389,13.2237960339943,57,1.93767705382436,162,5.5070821529745,145,4.92917847025496,178,6.05099150141643,20,0.679886685552408,80,2.71954674220963,60,2.03966005665722,106,3.60339943342776,35,1.18980169971671,1,0.0339943342776204,68,2.31161473087819,85,2.88951841359773,630,21.4164305949008,1023,34.7762039660057,0.388,0.815,0.404,0.352,0.44,-3.60803448584394,-0.635206206031662,49539
"18","Ashley Walker",2019,32,"LAS",-0.1,3,0,22,1,1.63636363636364,11,18,1,1.63636363636364,6,9.81818181818182,0,0,5,8.18181818181818,0,0,0,0,2,3.27272727272727,3,4.90909090909091,1,1.63636363636364,3,4.90909090909091,1,1.63636363636364,0,0,0,0,4,6.54545454545455,2,3.27272727272727,3939,6445.63636363636,0.091,NA,0.167,0,0.091,15.8478985584455,0.680109537094657,56375
"19","Asia Durr",2019,22,"NYL",0.4,18,15,480,71,5.325,152,11.4,56,4.2,101,7.575,15,1.125,51,3.825,18,1.35,22,1.65,5,0.375,29,2.175,24,1.8,31,2.325,10,0.75,7,0.525,21,1.575,34,2.55,175,13.125,3538,265.35,0.467,0.818,0.554,0.294,0.516,1.53484272039383,0.213615749113595,53537
"20","Asia Taylor",2019,27,"TOT",0,12,0,96,10,3.75,28,10.5,10,3.75,26,9.75,0,0,2,0.75,6,2.25,8,3,8,3,21,7.875,13,4.875,8,3,2,0.75,1,0.375,7,2.625,10,3.75,26,9.75,1651,619.125,0.357,0.75,0.385,0,0.357,13.3933661926071,1.35449608525834,56375
"21","Astou Ndour",2019,24,"CHI",1.3,21,11,368,58,5.67391304347826,118,11.5434782608696,44,4.30434782608696,85,8.31521739130435,14,1.3695652173913,33,3.22826086956522,13,1.27173913043478,18,1.76086956521739,30,2.93478260869565,88,8.60869565217391,58,5.67391304347826,14,1.3695652173913,10,0.978260869565217,14,1.3695652173913,14,1.3695652173913,36,3.52173913043478,143,13.9891304347826,134,13.1086956521739,0.492,0.722,0.518,0.424,0.551,-6.05281445480224,-0.992791050099508,65000
"22","Avery Warley-Talbert",2019,32,"NYL",-0.2,3,0,35,1,1.02857142857143,5,5.14285714285714,1,1.02857142857143,5,5.14285714285714,0,0,0,0,1,1.02857142857143,2,2.05714285714286,3,3.08571428571429,7,7.2,4,4.11428571428571,0,0,0,0,2,2.05714285714286,4,4.11428571428571,7,7.2,3,3.08571428571429,2138,2199.08571428571,0.2,0.5,0.2,NA,0.2,-20.9542931887306,-1.082960536343,41695
"23","Azura Stevens",2019,23,"DAL",-0.1,9,1,144,19,4.75,53,13.25,18,4.5,44,11,1,0.25,9,2.25,4,1,5,1.25,15,3.75,32,8,17,4.25,5,1.25,5,1.25,10,2.5,9,2.25,12,3,43,10.75,1493,373.25,0.358,0.8,0.409,0.111,0.368,-7.40121992564279,-0.923093244339709,49611
"24","Betnijah Laney",2019,25,"IND",0.1,34,27,877,77,3.16077537058153,213,8.74344355758267,57,2.33979475484607,147,6.03420752565564,20,0.820980615735462,66,2.70923603192702,18,0.738882554161916,31,1.27251995438997,32,1.31356898517674,143,5.87001140250855,111,4.55644241733181,59,2.42189281641961,48,1.97035347776511,4,0.164196123147092,49,2.01140250855188,55,2.25769669327252,192,7.88141391106043,5248,215.425313568985,0.362,0.581,0.388,0.303,0.408,0.440069151605464,-0.608149630274978,72500
"25","Blake Dietrick",2019,25,"SEA",-0.2,17,1,106,1,0.339622641509434,10,3.39622641509434,1,0.339622641509434,4,1.35849056603774,0,0,6,2.0377358490566,4,1.35849056603774,6,2.0377358490566,1,0.339622641509434,10,3.39622641509434,9,3.05660377358491,16,5.43396226415094,3,1.0188679245283,2,0.679245283018868,10,3.39622641509434,14,4.75471698113208,6,2.0377358490566,183,62.1509433962264,0.1,0.667,0.25,0,0.1,-7.24732806173895,-0.884966430538826,41695
"26","Bria Hartley",2019,26,"NYL",0.3,24,18,545,79,5.21834862385321,210,13.8715596330275,55,3.63302752293578,137,9.04954128440367,24,1.58532110091743,73,4.82201834862385,53,3.50091743119266,66,4.35963302752294,18,1.18899082568807,77,5.08623853211009,59,3.89724770642202,76,5.02018348623853,18,1.18899082568807,1,0.0660550458715596,50,3.30275229357798,55,3.63302752293578,235,15.5229357798165,3810,251.669724770642,0.376,0.803,0.401,0.329,0.433,-3.35713456367875,-0.631490833603772,102000
"27","Bria Holmes",2019,25,"CON",0.8,34,0,529,77,5.24007561436673,193,13.1342155009452,57,3.87901701323251,130,8.8468809073724,20,1.36105860113422,63,4.28733459357278,39,2.65406427221172,58,3.94706994328923,10,0.680529300567108,49,3.33459357277883,39,2.65406427221172,31,2.10964083175803,16,1.08884688090737,7,0.476370510396975,30,2.04158790170132,36,2.44990548204159,213,14.4952741020794,314,21.3686200378072,0.399,0.672,0.438,0.317,0.451,-3.46831814987112,-0.791037318230075,53290
"28","Briann January",2019,32,"PHO",0.5,32,26,852,71,3,182,7.69014084507042,40,1.69014084507042,100,4.22535211267606,31,1.30985915492958,82,3.46478873239437,36,1.52112676056338,43,1.8169014084507,6,0.253521126760563,42,1.77464788732394,36,1.52112676056338,103,4.35211267605634,26,1.09859154929577,3,0.126760563380282,54,2.28169014084507,67,2.83098591549296,209,8.83098591549296,35,1.47887323943662,0.39,0.837,0.4,0.378,0.475,6.61067769138796,1.66514154912653,117500
"29","Brianna Turner",2019,22,"PHO",1.4,29,12,462,49,3.81818181818182,91,7.09090909090909,49,3.81818181818182,91,7.09090909090909,0,0,0,0,19,1.48051948051948,26,2.02597402597403,45,3.50649350649351,120,9.35064935064935,75,5.84415584415584,15,1.16883116883117,7,0.545454545454545,21,1.63636363636364,19,1.48051948051948,50,3.8961038961039,117,9.11688311688312,4361,339.818181818182,0.538,0.731,0.538,NA,0.538,-2.09087528185,-0.406203548030563,44207
"30","Bridget Carleton",2019,22,"TOT",-0.1,8,0,40,1,0.9,8,7.2,0,0,4,3.6,1,0.9,4,3.6,0,0,0,0,1,0.9,4,3.6,3,2.7,1,0.9,0,0,0,0,1,0.9,2,1.8,3,2.7,284,255.6,0.125,NA,0,0.25,0.188,4.07479994499954,0.332818506777606,41695
"31","Brionna Jones",2019,23,"CON",0.7,27,0,227,35,5.55066079295154,75,11.8942731277533,35,5.55066079295154,74,11.7356828193833,0,0,1,0.158590308370044,24,3.80616740088106,36,5.70925110132159,37,5.86784140969163,59,9.3568281938326,22,3.48898678414097,9,1.4273127753304,9,1.4273127753304,7,1.11013215859031,19,3.01321585903084,36,5.70925110132159,94,14.9074889867841,58,9.19823788546255,0.467,0.667,0.473,0,0.467,11.000571828765,1.21934902783932,53563
"32","Brittany Boyd",2019,26,"NYL",0,33,17,649,71,3.93836671802773,180,9.98459167950693,64,3.55007704160247,157,8.70878274268105,7,0.38828967642527,23,1.27580893682589,26,1.442218798151,34,1.88597842835131,27,1.49768875192604,121,6.71186440677966,94,5.21417565485362,151,8.37596302003082,47,2.60708782742681,4,0.221879815100154,81,4.49306625577812,68,3.77195685670262,175,9.70724191063174,239,13.2573189522342,0.394,0.765,0.408,0.304,0.414,-6.3754534548463,-1.44728790980905,80000
"33","Brittney Griner",2019,28,"PHO",5,31,31,1018,270,9.54813359528487,479,16.9390962671906,269,9.51277013752456,476,16.8330058939096,1,0.0353634577603143,3,0.106090373280943,101,3.57170923379175,125,4.42043222003929,51,1.80353634577603,222,7.85068762278978,171,6.04715127701375,75,2.65225933202358,22,0.777996070726916,62,2.19253438113949,76,2.68762278978389,85,3.00589390962672,642,22.7033398821218,2433,86.0392927308448,0.564,0.808,0.565,0.333,0.565,1.49824949161376,0.395754937211358,115000
"34","Brittney Sykes",2019,25,"ATL",0,34,27,880,128,5.23636363636364,351,14.3590909090909,100,4.09090909090909,243,9.94090909090909,28,1.14545454545455,108,4.41818181818182,64,2.61818181818182,91,3.72272727272727,25,1.02272727272727,151,6.17727272727273,126,5.15454545454545,85,3.47727272727273,20,0.818181818181818,16,0.654545454545455,68,2.78181818181818,59,2.41363636363636,348,14.2363636363636,2453,100.35,0.365,0.703,0.412,0.259,0.405,0.107811920425578,0.383174344111863,53563
"35","Brooke McCarty-Williams",2019,23,"DAL",0,34,3,447,26,2.09395973154362,90,7.24832214765101,8,0.644295302013423,40,3.22147651006711,18,1.4496644295302,50,4.02684563758389,11,0.885906040268456,12,0.966442953020134,10,0.805369127516779,45,3.6241610738255,35,2.81879194630872,64,5.15436241610738,16,1.28859060402685,1,0.0805369127516778,29,2.33557046979866,42,3.38255033557047,81,6.52348993288591,2629,211.731543624161,0.289,0.917,0.2,0.36,0.389,-7.39090457051749,-1.31750424154329,41965
"36","Camille Little",2019,34,"PHO",0.6,29,0,425,40,3.38823529411765,92,7.79294117647059,33,2.79529411764706,71,6.01411764705882,7,0.592941176470588,21,1.77882352941176,25,2.11764705882353,31,2.62588235294118,19,1.60941176470588,69,5.84470588235294,50,4.23529411764706,23,1.94823529411765,11,0.931764705882353,8,0.677647058823529,25,2.11764705882353,51,4.32,112,9.48705882352941,287,24.3105882352941,0.435,0.806,0.465,0.333,0.473,1.66031888710254,0.329757835532938,101000
"37","Candace Parker",2019,33,"LAS",1.8,22,22,571,89,5.61120840630473,211,13.3029772329247,73,4.60245183887916,151,9.52014010507881,16,1.00875656742557,60,3.78283712784588,53,3.3415061295972,67,4.22416812609457,24,1.51313485113835,140,8.82661996497373,116,7.31348511383538,76,4.79159369527145,23,1.45008756567426,17,1.07180385288967,54,3.4045534150613,39,2.45884413309982,247,15.5726795096322,4263,268.77057793345,0.422,0.791,0.483,0.267,0.46,11.3812287206245,2.45650577657053,117500
"38","Candice Dupree",2019,34,"IND",1.6,34,34,1043,174,6.00575263662512,369,12.7363374880153,174,6.00575263662512,366,12.6327900287632,0,0,3,0.103547459252157,47,1.6222435282838,56,1.93288590604027,24,0.828379674017258,169,5.83317353787152,145,5.00479386385427,86,2.96836049856184,15,0.517737296260786,19,0.655800575263663,52,1.79482262703739,34,1.17353787152445,395,13.633748801534,2301,79.4209012464046,0.472,0.839,0.475,0,0.472,-7.69633944503735,-0.741939839216937,117500
"39","Carolyn Swords",2019,29,"LVA",0.4,29,4,257,32,4.48249027237354,73,10.2256809338521,32,4.48249027237354,73,10.2256809338521,0,0,0,0,11,1.5408560311284,13,1.82101167315175,19,2.66147859922179,63,8.82490272373541,44,6.16342412451362,10,1.40077821011673,7,0.980544747081712,3,0.420233463035019,17,2.38132295719844,27,3.78210116731517,75,10.5058365758755,524,73.4007782101167,0.438,0.846,0.438,NA,0.438,-1.5715520897243,-0.283819524693258,83300
"40","Chelsea Gray",2019,26,"LAS",2.4,34,34,1108,188,6.10830324909747,452,14.6859205776173,138,4.48375451263538,321,10.4296028880866,50,1.62454873646209,131,4.25631768953069,66,2.14440433212996,72,2.33935018050542,14,0.454873646209386,128,4.15884476534296,114,3.70397111913357,202,6.56317689530686,33,1.07220216606498,3,0.0974729241877256,108,3.50902527075812,49,1.59205776173285,492,15.985559566787,2614,84.9314079422383,0.416,0.917,0.43,0.382,0.471,-0.875185904521321,0.0522419651842839,115000
"41","Cheyenne Parker",2019,26,"CHI",2.6,34,0,670,107,5.74925373134328,233,12.5194029850746,102,5.48059701492537,215,11.5522388059701,5,0.26865671641791,18,0.967164179104478,80,4.29850746268657,95,5.1044776119403,62,3.33134328358209,197,10.5850746268657,135,7.25373134328358,30,1.61194029850746,25,1.34328358208955,42,2.25671641791045,45,2.41791044776119,81,4.35223880597015,299,16.065671641791,3927,211.002985074627,0.459,0.842,0.474,0.278,0.47,-8.65617516105986,-1.82322442118854,110000
"42","Chiney Ogwumike",2019,27,"LAS",3,32,14,697,125,6.45624103299857,253,13.0674318507891,124,6.40459110473458,249,12.8608321377331,1,0.0516499282639885,4,0.206599713055954,55,2.84074605451937,68,3.51219512195122,81,4.18364418938307,184,9.50358680057389,103,5.31994261119082,25,1.29124820659971,33,1.70444763271162,23,1.18794835007174,42,2.16929698708752,110,5.68149210903874,306,15.8048780487805,2101,108.51649928264,0.494,0.809,0.498,0.25,0.496,3.26451569187973,0.557696914954026,117500
"43","Chloe Jackson",2019,22,"CHI",-0.2,8,0,32,2,2.25,9,10.125,2,2.25,9,10.125,0,0,0,0,1,1.125,6,6.75,3,3.375,6,6.75,3,3.375,4,4.5,5,5.625,0,0,6,6.75,1,1.125,5,5.625,2819,3171.375,0.222,0.167,0.222,NA,0.222,7.14372013353453,0.390308696468259,35478
"44","Courtney Paris",2019,31,"SEA",0.3,30,0,190,6,1.13684210526316,15,2.84210526315789,6,1.13684210526316,15,2.84210526315789,0,0,0,0,3,0.568421052631579,7,1.32631578947368,13,2.46315789473684,52,9.85263157894737,39,7.38947368421053,13,2.46315789473684,8,1.51578947368421,3,0.568421052631579,9,1.70526315789474,18,3.41052631578947,15,2.84210526315789,1819,344.652631578947,0.4,0.429,0.4,NA,0.4,-13.0412686062772,-1.41584326294036,111000
"45","Courtney Vandersloot",2019,30,"CHI",4.1,33,33,991,135,4.90413723511604,299,10.86175580222,104,3.77800201816347,192,6.97477295660948,31,1.12613521695257,107,3.88698284561049,68,2.47023208879919,80,2.90615539858729,20,0.726538849646821,143,5.19475277497477,123,4.46821392532795,300,10.8980827447023,45,1.63471241170535,15,0.544904137235116,96,3.48738647830474,50,1.81634712411705,369,13.4046417759839,3842,139.568113017154,0.452,0.85,0.542,0.29,0.503,9.41529338610021,2.13080653098616,117500
"46","Courtney Williams",2019,25,"CON",3.5,34,34,988,187,6.81376518218624,430,15.668016194332,171,6.23076923076923,395,14.3927125506073,16,0.582995951417004,35,1.2753036437247,60,2.18623481781376,75,2.73279352226721,48,1.74898785425101,189,6.88663967611336,141,5.13765182186235,129,4.7004048582996,46,1.67611336032389,13,0.473684210526316,56,2.04048582995951,47,1.71255060728745,450,16.3967611336032,1920,69.9595141700405,0.435,0.8,0.433,0.457,0.453,-0.526987224400699,0.0569819026213433,59718
"47","Crystal Langhorne",2019,32,"SEA",0.6,34,4,577,70,4.36741767764298,171,10.6689774696707,52,3.24436741767764,114,7.11265164644714,18,1.12305025996534,57,3.55632582322357,33,2.05892547660312,44,2.74523396880416,27,1.68457538994801,106,6.61351819757366,79,4.92894280762565,33,2.05892547660312,10,0.623916811091854,9,0.561525129982669,43,2.68284228769497,35,2.18370883882149,191,11.9168110918544,1731,108,0.409,0.75,0.456,0.316,0.462,-0.953615167649706,0.366286340341393,105000
"48","Damiris Dantas",2019,26,"MIN",2.2,26,26,667,89,4.80359820089955,206,11.1184407796102,47,2.53673163418291,99,5.34332833583208,42,2.26686656671664,107,5.77511244377811,19,1.02548725637181,26,1.40329835082459,28,1.51124437781109,116,6.26086956521739,88,4.7496251874063,84,4.53373313343328,19,1.02548725637181,15,0.809595202398801,45,2.4287856071964,74,3.99400299850075,239,12.8995502248876,1003,54.1349325337331,0.432,0.731,0.475,0.393,0.534,-1.2291034995962,-0.132248331694316,105000
"49","Danielle Robinson",2019,30,"MIN",2.3,34,25,919,138,5.40587595212187,316,12.3786724700762,129,5.05331882480958,275,10.7725788900979,9,0.352557127312296,41,1.60609357997824,58,2.27203482045702,66,2.5854189336235,22,0.861806311207835,118,4.62241566920566,96,3.76060935799782,125,4.89662676822633,42,1.64526659412405,7,0.274211099020675,70,2.74211099020675,61,2.38955386289445,343,13.4363438520131,3806,149.092491838955,0.437,0.879,0.469,0.22,0.451,9.72244163353544,2.36744726802644,108000
"50","Dearica Hamby",2019,25,"LVA",3.6,34,9,842,141,6.02850356294537,289,12.3562945368171,124,5.30166270783848,236,10.0902612826603,17,0.726840855106888,53,2.26603325415677,74,3.16389548693587,103,4.40380047505938,76,3.24940617577197,257,10.9881235154394,181,7.73871733966746,65,2.7790973871734,33,1.41092636579572,12,0.513064133016627,61,2.60807600950119,71,3.03562945368171,373,15.9477434679335,3911,167.216152019002,0.488,0.718,0.525,0.321,0.517,-3.09428897003986,-0.817709901228354,115000
"51","DeWanna Bonner",2019,31,"PHO",4,34,34,1120,190,6.10714285714286,504,16.2,138,4.43571428571429,313,10.0607142857143,52,1.67142857142857,191,6.13928571428571,153,4.91785714285714,167,5.36785714285714,34,1.09285714285714,260,8.35714285714286,226,7.26428571428571,92,2.95714285714286,44,1.41428571428571,21,0.675,53,1.70357142857143,55,1.76785714285714,585,18.8035714285714,3546,113.978571428571,0.377,0.916,0.441,0.272,0.429,-3.80116441055129,-0.871882949014923,127500
"52","Diamond DeShields",2019,24,"CHI",2.4,34,34,1027,192,6.730282375852,481,16.8607594936709,142,4.97760467380721,323,11.3222979552093,50,1.75267770204479,158,5.53846153846154,117,4.10126582278481,140,4.90749756572541,29,1.01655306718598,187,6.55501460564752,158,5.53846153846154,82,2.87439143135346,43,1.50730282375852,14,0.490749756572541,74,2.59396299902629,92,3.22492697176241,551,19.3145082765336,1629,57.1022395326193,0.399,0.836,0.44,0.316,0.451,-5.44228678845405,-1.65893457733489,53616
"53","Diana Taurasi",2019,37,"PHO",-0.4,6,6,129,4,1.11627906976744,39,10.8837209302326,3,0.837209302325581,15,4.18604651162791,1,0.27906976744186,24,6.69767441860465,17,4.74418604651163,18,5.02325581395349,1,0.27906976744186,19,5.30232558139535,18,5.02325581395349,32,8.93023255813953,2,0.558139534883721,1,0.27906976744186,13,3.62790697674419,15,4.18604651162791,26,7.25581395348837,3184,888.558139534884,0.103,0.944,0.2,0.042,0.115,0.564366052739425,0.00483295368235996,117500
"54","Elena Delle Donne",2019,29,"WAS",7.7,31,31,901,220,8.79023307436182,427,17.0610432852386,168,6.71254162042175,306,12.2264150943396,52,2.07769145394007,121,4.834628190899,114,4.55493895671476,117,4.67480577136515,48,1.91786903440622,255,10.188679245283,207,8.2708102108768,68,2.71698113207547,19,0.759156492785794,39,1.55826859045505,30,1.19866814650388,32,1.27857935627081,606,24.2130965593785,3617,144.519422863485,0.515,0.974,0.549,0.43,0.576,8.55893218810344,1.87178443410493,117000
"55","Elizabeth Williams",2019,26,"ATL",2.7,32,32,909,107,4.23762376237624,235,9.30693069306931,107,4.23762376237624,235,9.30693069306931,0,0,0,0,82,3.24752475247525,112,4.43564356435644,99,3.92079207920792,208,8.23762376237624,109,4.31683168316832,37,1.46534653465347,24,0.95049504950495,53,2.0990099009901,41,1.62376237623762,71,2.81188118811881,296,11.7227722772277,2590,102.574257425743,0.455,0.732,0.455,NA,0.455,-1.35233786254346,-0.778760436872584,115000
"56","Emma Meesseman",2019,26,"WAS",4,23,6,543,122,8.08839779005525,221,14.6519337016575,103,6.82872928176796,176,11.6685082872928,19,1.25966850828729,45,2.98342541436464,38,2.51933701657459,42,2.78453038674033,27,1.79005524861878,97,6.43093922651934,70,4.64088397790055,73,4.83977900552486,20,1.32596685082873,15,0.994475138121547,22,1.4585635359116,41,2.7182320441989,301,19.9558011049724,5154,341.701657458564,0.552,0.905,0.585,0.422,0.595,7.86157836421649,1.82756049197,117500
"57","Epiphanny Prince",2019,31,"LVA",0.2,3,0,28,5,6.42857142857143,10,12.8571428571429,2,2.57142857142857,3,3.85714285714286,3,3.85714285714286,7,9,0,0,0,0,1,1.28571428571429,2,2.57142857142857,1,1.28571428571429,3,3.85714285714286,1,1.28571428571429,1,1.28571428571429,0,0,5,6.42857142857143,13,16.7142857142857,2032,2612.57142857143,0.5,NA,0.667,0.429,0.65,-0.50049001517228,-0.0426240622229581,41695
"58","Erica McCall",2019,23,"IND",0,15,0,104,3,1.03846153846154,22,7.61538461538461,3,1.03846153846154,22,7.61538461538461,0,0,0,0,8,2.76923076923077,8,2.76923076923077,11,3.80769230769231,27,9.34615384615385,16,5.53846153846154,6,2.07692307692308,1,0.346153846153846,6,2.07692307692308,3,1.03846153846154,13,4.5,14,4.84615384615385,2702,935.307692307692,0.136,1,0.136,NA,0.136,2.38116416495709,0.723928825620321,46028
"59","Erica Wheeler",2019,28,"IND",1.4,34,34,850,127,5.37882352941176,298,12.6211764705882,79,3.34588235294118,173,7.32705882352941,48,2.03294117647059,125,5.29411764705882,41,1.73647058823529,47,1.99058823529412,5,0.211764705882353,102,4.32,97,4.10823529411765,171,7.24235294117647,40,1.69411764705882,5,0.211764705882353,97,4.10823529411765,74,3.13411764705882,343,14.5270588235294,4464,189.063529411765,0.426,0.872,0.457,0.384,0.507,3.73526473303062,-0.0994196540661057,80000
"60","Essence Carson",2019,32,"PHO",0.4,23,13,425,45,3.81176470588235,128,10.8423529411765,31,2.62588235294118,87,7.36941176470588,14,1.18588235294118,41,3.47294117647059,29,2.45647058823529,37,3.13411764705882,11,0.931764705882353,51,4.32,40,3.38823529411765,35,2.96470588235294,12,1.01647058823529,8,0.677647058823529,17,1.44,23,1.94823529411765,133,11.2658823529412,273,23.1247058823529,0.352,0.784,0.356,0.341,0.406,-1.06747521555343,-0.109345426873734,85000
"61","Gabby Williams",2019,22,"CHI",0,33,2,527,75,5.12333965844402,181,12.3643263757116,68,4.64516129032258,140,9.56356736242884,7,0.478178368121442,41,2.80075901328273,29,1.98102466793169,40,2.73244781783681,14,0.956356736242884,72,4.91840607210626,58,3.96204933586338,68,4.64516129032258,23,1.57115749525617,7,0.478178368121442,55,3.75711574952562,41,2.80075901328273,186,12.7058823529412,4001,273.313092979127,0.414,0.725,0.486,0.171,0.434,5.35375850823937,0.929743176037585,53616
"62","Glory Johnson",2019,28,"DAL",1.2,28,19,676,78,4.15384615384615,214,11.396449704142,43,2.28994082840237,111,5.9112426035503,35,1.86390532544379,103,5.48520710059172,14,0.745562130177515,24,1.27810650887574,27,1.43786982248521,144,7.66863905325444,117,6.23076923076923,39,2.07692307692308,39,2.07692307692308,18,0.958579881656805,28,1.49112426035503,45,2.39644970414201,205,10.9171597633136,2190,116.627218934911,0.364,0.583,0.387,0.34,0.446,-0.823321041481274,-0.359408706959205,117500
"63","Haley Peters",2019,26,"ATL",-0.2,4,0,26,0,0,7,9.69230769230769,0,0,7,9.69230769230769,0,0,0,0,2,2.76923076923077,2,2.76923076923077,1,1.38461538461538,2,2.76923076923077,1,1.38461538461538,1,1.38461538461538,1,1.38461538461538,1,1.38461538461538,4,5.53846153846154,3,4.15384615384615,2,2.76923076923077,1675,2319.23076923077,0,1,0,NA,0,-14.0920477757359,-0.688619205163711,41695
"64","Han Xu",2019,19,"NYL",0,18,0,143,24,6.04195804195804,58,14.6013986013986,19,4.78321678321678,48,12.0839160839161,5,1.25874125874126,10,2.51748251748252,1,0.251748251748252,2,0.503496503496504,2,0.503496503496504,15,3.77622377622378,13,3.27272727272727,2,0.503496503496504,3,0.755244755244755,4,1.00699300699301,2,0.503496503496504,6,1.51048951048951,54,13.5944055944056,828,208.447552447552,0.414,0.5,0.396,0.5,0.457,-16.2877643509727,-1.71910272949138,42570
"65","Imani McGee-Stafford",2019,24,"DAL",0.4,29,6,346,51,5.30635838150289,109,11.3410404624277,50,5.20231213872832,105,10.9248554913295,1,0.104046242774566,4,0.416184971098266,9,0.936416184971098,14,1.45664739884393,44,4.57803468208092,111,11.5491329479769,67,6.97109826589595,18,1.8728323699422,17,1.76878612716763,18,1.8728323699422,34,3.53757225433526,58,6.03468208092486,112,11.6531791907514,937,97.4913294797688,0.468,0.643,0.476,0.25,0.472,2.47364987488909,0.284504918126118,53290
"66","Isabelle Harrison",2019,25,"DAL",1.6,31,29,794,110,4.98740554156171,241,10.9269521410579,110,4.98740554156171,235,10.6549118387909,0,0,6,0.272040302267002,48,2.17632241813602,67,3.03778337531486,72,3.26448362720403,181,8.20654911838791,109,4.94206549118388,42,1.90428211586902,35,1.58690176322418,25,1.13350125944584,48,2.17632241813602,80,3.6272040302267,268,12.1511335012594,2653,120.287153652393,0.456,0.716,0.468,0,0.456,2.06817675629321,0.359348091306898,53290
"67","Jackie Young",2019,21,"LVA",1.3,34,34,767,76,3.56714471968709,236,11.0769230769231,62,2.91003911342894,192,9.01173402868318,14,0.657105606258149,44,2.0651890482399,59,2.76923076923077,73,3.42633637548892,23,1.07953063885267,111,5.20990873533246,88,4.13037809647979,153,7.18122555410691,26,1.22033898305085,12,0.563233376792699,53,2.48761408083442,47,2.20599739243807,225,10.5606258148631,409,19.1968709256845,0.322,0.808,0.323,0.318,0.352,1.30765202626792,0.269461455249774,53537
"68","Jaime Nared",2019,23,"LVA",0,1,0,1,0,0,0,0,0,0,0,0,0,0,0,0,0,0,0,0,0,0,0,0,0,0,0,0,0,0,0,0,0,0,1,36,0,0,691,24876,NA,NA,NA,NA,NA,-3.92697170970094,-0.0188388977576999,5446
"69","Jamierra Faulkner",2019,27,"CHI",0,13,0,72,6,3,18,9,5,2.5,9,4.5,1,0.5,9,4.5,4,2,8,4,2,1,4,2,2,1,11,5.5,2,1,0,0,5,2.5,8,4,17,8.5,3664,1832,0.333,0.5,0.556,0.111,0.361,-0.945370086196697,-0.235338452191446,62000
"70","Jantel Lavender",2019,30,"CHI",1.3,23,22,619,103,5.99030694668821,210,12.2132471728595,97,5.64135702746365,183,10.642972536349,6,0.348949919224556,27,1.5702746365105,19,1.10500807754443,21,1.22132471728595,46,2.67528271405493,158,9.18901453957997,112,6.51373182552504,26,1.51211631663974,7,0.407108239095315,13,0.756058158319871,32,1.8610662358643,34,1.97738287560582,231,13.4345718901454,3487,202.798061389338,0.49,0.905,0.53,0.222,0.505,-2.03190930319832,-0.191636459589426,115000
"71","Jasmine Thomas",2019,29,"CON",2,34,34,1009,139,4.9593657086224,355,12.6660059464817,94,3.35381565906838,232,8.27750247770069,45,1.60555004955401,123,4.38850346878097,56,1.998017839445,70,2.49752229930624,19,0.677898909811695,97,3.46085232903865,78,2.78295341922696,175,6.24380574826561,48,1.71258671952428,5,0.178394449950446,93,3.3181367690783,62,2.21209117938553,379,13.5222993062438,2906,103.682854311199,0.392,0.8,0.405,0.366,0.455,-2.37252550199917,-0.335497452406518,117500
"72","Jessica Breland",2019,31,"ATL",1.5,33,33,767,104,4.88135593220339,275,12.9074315514993,95,4.45893089960887,237,11.1238591916558,9,0.422425032594524,38,1.78357235984355,29,1.36114732724902,33,1.54889178617992,42,1.97131681877445,240,11.264667535854,198,9.29335071707953,55,2.58148631029987,42,1.97131681877445,35,1.64276401564537,38,1.78357235984355,65,3.05084745762712,246,11.5462842242503,3612,169.533246414602,0.378,0.879,0.401,0.237,0.395,10.2584802884882,1.85530023959003,115000
"73","Jessica Shepard",2019,22,"MIN",0.1,6,0,112,11,3.53571428571429,29,9.32142857142857,10,3.21428571428571,22,7.07142857142857,1,0.321428571428571,7,2.25,6,1.92857142857143,8,2.57142857142857,9,2.89285714285714,34,10.9285714285714,25,8.03571428571429,21,6.75,2,0.642857142857143,1,0.321428571428571,15,4.82142857142857,9,2.89285714285714,29,9.32142857142857,1365,438.75,0.379,0.75,0.455,0.143,0.397,8.04691330781712,0.902532451989734,42570
"74","Jewell Loyd",2019,25,"SEA",1.3,27,21,686,117,6.1399416909621,299,15.6909620991254,83,4.35568513119534,198,10.3906705539359,34,1.78425655976676,101,5.3002915451895,64,3.35860058309038,69,3.62099125364431,11,0.577259475218659,74,3.88338192419825,63,3.30612244897959,54,2.83381924198251,35,1.83673469387755,3,0.157434402332362,52,2.72886297376093,33,1.73177842565598,332,17.4227405247813,3035,159.271137026239,0.391,0.928,0.419,0.337,0.448,0.424290183949923,-0.280435956325366,117500
"75","Ji-Su Park",2019,20,"LVA",-0.2,25,0,163,8,1.76687116564417,37,8.17177914110429,8,1.76687116564417,36,7.95092024539877,0,0,1,0.220858895705521,4,0.883435582822086,9,1.98773006134969,10,2.20858895705521,27,5.96319018404908,17,3.75460122699386,10,2.20858895705521,5,1.10429447852761,4,0.883435582822086,7,1.54601226993865,23,5.07975460122699,20,4.41717791411043,1119,247.141104294479,0.216,0.444,0.222,0,0.216,-2.59971095031282,-0.306481512117243,42632
"76","Jillian Alleyne",2019,24,"MIN",0,5,0,14,2,5.14285714285714,6,15.4285714285714,2,5.14285714285714,6,15.4285714285714,0,0,0,0,0,0,0,0,2,5.14285714285714,5,12.8571428571429,3,7.71428571428571,1,2.57142857142857,0,0,1,2.57142857142857,0,0,0,0,4,10.2857142857143,3922,10085.1428571429,0.333,NA,0.333,NA,0.333,4.43526732993167,0.277774857948219,8169
"77","Jonquel Jones",2019,25,"CON",5.6,34,34,980,173,6.35510204081633,386,14.1795918367347,130,4.77551020408163,247,9.0734693877551,43,1.57959183673469,139,5.10612244897959,108,3.96734693877551,132,4.84897959183674,113,4.15102040816326,330,12.1224489795918,217,7.97142857142857,52,1.91020408163265,43,1.57959183673469,68,2.49795918367347,66,2.42448979591837,96,3.5265306122449,497,18.2571428571429,2846,104.54693877551,0.448,0.818,0.526,0.309,0.504,10.1834844150893,2.00800051725307,59718
"78","Jordin Canada",2019,23,"SEA",1.3,30,29,865,112,4.66127167630058,289,12.0277456647399,104,4.32832369942196,246,10.2381502890173,8,0.332947976878613,43,1.78959537572254,63,2.62196531791908,82,3.41271676300578,13,0.541040462427746,71,2.95491329479769,58,2.41387283236994,155,6.45086705202312,68,2.83005780346821,7,0.291329479768786,79,3.2878612716763,48,1.99768786127168,295,12.2774566473988,4369,181.831213872832,0.388,0.768,0.423,0.186,0.401,-3.192948684807,-1.15809485306081,49611
"79","Kaela Davis",2019,24,"DAL",-1.8,33,16,634,76,4.31545741324921,231,13.1167192429022,60,3.40694006309148,180,10.2208201892744,16,0.908517350157729,51,2.89589905362776,29,1.64668769716088,33,1.87381703470032,16,0.908517350157729,73,4.14511041009464,57,3.23659305993691,69,3.91798107255521,18,1.02208201892744,6,0.340694006309148,73,4.14511041009464,79,4.48580441640379,197,11.186119873817,2321,131.791798107256,0.329,0.879,0.333,0.314,0.364,-0.248901423898288,0.0347698206907209,47798
"80","Kahleah Copper",2019,24,"CHI",0,34,0,502,79,5.66533864541833,204,14.6294820717131,64,4.58964143426295,155,11.1155378486056,15,1.07569721115538,49,3.51394422310757,54,3.87250996015936,70,5.0199203187251,12,0.860557768924303,64,4.58964143426295,52,3.72908366533865,30,2.15139442231076,14,1.00398406374502,3,0.215139442231076,43,3.08366533864542,51,3.65737051792829,227,16.2788844621514,1538,110.294820717131,0.387,0.771,0.413,0.306,0.424,1.37953924769112,0.120003644515148,59718
"81","Kalani Brown",2019,22,"LAS",1.2,28,0,377,54,5.15649867374005,113,10.790450928382,54,5.15649867374005,112,10.6949602122016,0,0,1,0.0954907161803713,36,3.43766578249337,46,4.39257294429708,34,3.24668435013263,98,9.35809018567639,64,6.11140583554377,17,1.62334217506631,9,0.859416445623342,22,2.10079575596817,29,2.76923076923077,47,4.48806366047745,144,13.7506631299735,3082,294.302387267905,0.478,0.783,0.482,0,0.478,1.24320585749546,0.0581992401065735,49539
"82","Kaleena Mosqueda-Lewis",2019,25,"SEA",-0.1,31,4,435,65,5.37931034482759,163,13.4896551724138,37,3.06206896551724,81,6.70344827586207,28,2.31724137931035,82,6.78620689655172,14,1.15862068965517,14,1.15862068965517,9,0.744827586206896,36,2.97931034482759,27,2.23448275862069,16,1.32413793103448,8,0.662068965517241,5,0.413793103448276,36,2.97931034482759,40,3.31034482758621,172,14.2344827586207,1555,128.689655172414,0.399,1,0.457,0.341,0.485,3.57672573216405,0.235880099041131,70000
"83","Karima Christmas-Kelly",2019,29,"MIN",0,6,0,72,5,2.5,18,9,2,1,7,3.5,3,1.5,11,5.5,3,1.5,5,2.5,1,0.5,5,2.5,4,2,6,3,5,2.5,1,0.5,4,2,8,4,16,8,1441,720.5,0.278,0.6,0.286,0.273,0.361,-3.49576816681685,-0.195245515900267,102000
"84","Karlie Samuelson",2019,24,"TOT",0,7,0,84,3,1.28571428571429,14,6,0,0,2,0.857142857142857,3,1.28571428571429,12,5.14285714285714,0,0,0,0,1,0.428571428571429,4,1.71428571428571,3,1.28571428571429,5,2.14285714285714,3,1.28571428571429,1,0.428571428571429,0,0,8,3.42857142857143,9,3.85714285714286,104,44.5714285714286,0.214,NA,0,0.25,0.321,5.44830665408046,0.437102916571353,41965
"85","Katie Lou Samuelson",2019,22,"CHI",0.3,20,0,153,12,2.82352941176471,38,8.94117647058824,4,0.941176470588235,9,2.11764705882353,8,1.88235294117647,29,6.82352941176471,16,3.76470588235294,20,4.70588235294118,4,0.941176470588235,17,4,13,3.05882352941176,7,1.64705882352941,6,1.41176470588235,2,0.470588235294118,5,1.17647058823529,15,3.52941176470588,48,11.2941176470588,791,186.117647058824,0.316,0.8,0.444,0.276,0.421,8.54137475129869,1.13815707952071,53537
"86","Kayla Alexander",2019,28,"CHI",0.1,3,0,20,3,5.4,4,7.2,3,5.4,4,7.2,0,0,0,0,3,5.4,4,7.2,2,3.6,7,12.6,5,9,1,1.8,0,0,0,0,1,1.8,3,5.4,9,16.2,1599,2878.2,0.75,0.75,0.75,NA,0.75,-11.0199138394362,-0.478499569562976,6069
"87","Kayla McBride",2019,27,"LVA",3.7,34,34,990,152,5.52727272727273,358,13.0181818181818,90,3.27272727272727,213,7.74545454545455,62,2.25454545454545,145,5.27272727272727,87,3.16363636363636,96,3.49090909090909,22,0.8,141,5.12727272727273,119,4.32727272727273,88,3.2,41,1.49090909090909,3,0.109090909090909,59,2.14545454545455,46,1.67272727272727,453,16.4727272727273,1,0.0363636363636364,0.425,0.906,0.423,0.428,0.511,0.192726429727096,-0.0175369987871994,115000
"88","Kayla Thornton",2019,26,"DAL",0.6,27,25,822,99,4.33576642335766,289,12.6569343065693,71,3.10948905109489,186,8.14598540145985,28,1.22627737226277,103,4.51094890510949,54,2.36496350364964,58,2.54014598540146,49,2.14598540145985,143,6.26277372262774,94,4.11678832116788,48,2.1021897810219,25,1.09489051094891,8,0.35036496350365,44,1.92700729927007,60,2.62773722627737,280,12.2627737226277,659,28.8613138686131,0.343,0.931,0.382,0.272,0.391,1.99483066102099,0.558471092648933,86000
"89","Kelsey Mitchell",2019,23,"IND",1.1,34,20,852,167,7.05633802816901,432,18.2535211267606,88,3.71830985915493,221,9.33802816901409,79,3.33802816901408,211,8.91549295774648,51,2.15492957746479,61,2.57746478873239,4,0.169014084507042,56,2.36619718309859,52,2.19718309859155,90,3.80281690140845,15,0.633802816901408,4,0.169014084507042,57,2.40845070422535,57,2.40845070422535,464,19.6056338028169,525,22.1830985915493,0.387,0.836,0.398,0.374,0.478,7.1373254703237,0.925123972913255,53616
"90","Kelsey Plum",2019,24,"LVA",1.2,34,30,868,107,4.43778801843318,293,12.1520737327189,62,2.57142857142857,168,6.96774193548387,45,1.86635944700461,125,5.18433179723502,34,1.41013824884793,39,1.61751152073733,15,0.622119815668203,97,4.02304147465438,82,3.40092165898617,102,4.23041474654378,27,1.11981566820276,4,0.165898617511521,53,2.19815668202765,76,3.15207373271889,293,12.1520737327189,2447,101.488479262673,0.365,0.872,0.369,0.36,0.442,0.0368316375593414,-0.0160241029459508,57886
"91","Kenisha Bell",2019,23,"MIN",0,3,0,11,0,0,1,3.27272727272727,0,0,0,0,0,0,1,3.27272727272727,0,0,0,0,0,0,1,3.27272727272727,1,3.27272727272727,1,3.27272727272727,0,0,0,0,1,3.27272727272727,1,3.27272727272727,0,0,4253,13918.9090909091,0,NA,NA,0,0,7.13861315596048,0.232975571219388,41695
"92","Kennedy Burke",2019,22,"IND",0.6,31,7,423,45,3.82978723404255,117,9.95744680851064,31,2.63829787234043,77,6.5531914893617,14,1.19148936170213,40,3.40425531914894,31,2.63829787234043,44,3.74468085106383,18,1.53191489361702,45,3.82978723404255,27,2.29787234042553,22,1.87234042553191,18,1.53191489361702,10,0.851063829787234,21,1.78723404255319,30,2.5531914893617,135,11.4893617021277,2148,182.808510638298,0.385,0.705,0.403,0.35,0.444,6.68148132199307,0.779115420731768,41965
"93","Kia Nurse",2019,23,"NYL",1.9,34,34,1001,142,5.10689310689311,361,12.983016983017,77,2.76923076923077,177,6.36563436563437,65,2.33766233766234,184,6.61738261738262,116,4.17182817182817,133,4.78321678321678,19,0.683316683316683,85,3.05694305694306,66,2.37362637362637,78,2.80519480519481,25,0.899100899100899,4,0.143856143856144,56,2.01398601398601,60,2.15784215784216,465,16.7232767232767,130,4.67532467532468,0.393,0.872,0.435,0.353,0.483,9.78565062321983,1.95665824005775,44273
"94","Kim Mestdagh",2019,29,"WAS",0.1,15,0,71,7,3.54929577464789,18,9.12676056338028,1,0.507042253521127,3,1.52112676056338,6,3.04225352112676,15,7.6056338028169,2,1.01408450704225,2,1.01408450704225,1,0.507042253521127,4,2.02816901408451,3,1.52112676056338,6,3.04225352112676,2,1.01408450704225,0,0,6,3.04225352112676,5,2.53521126760563,22,11.1549295774648,4281,2170.64788732394,0.389,1,0.333,0.4,0.556,-9.2483772925725,-0.696170026397448,41965
"95","Kristi Toliver",2019,32,"WAS",3.3,23,23,678,116,6.15929203539823,235,12.4778761061947,80,4.24778761061947,135,7.16814159292035,36,1.91150442477876,100,5.30973451327434,30,1.5929203539823,35,1.85840707964602,11,0.584070796460177,67,3.55752212389381,56,2.97345132743363,137,7.27433628318584,27,1.43362831858407,2,0.106194690265487,47,2.49557522123894,31,1.64601769911504,298,15.8230088495575,1723,91.4867256637168,0.494,0.857,0.593,0.36,0.57,-3.33143374765247,-0.663818934823831,115000
"96","Kristine Anigwe",2019,22,"TOT",0.1,27,0,250,22,3.168,68,9.792,22,3.168,68,9.792,0,0,0,0,22,3.168,32,4.608,28,4.032,66,9.504,38,5.472,6,0.864,9,1.296,8,1.152,17,2.448,39,5.616,66,9.504,823,118.512,0.324,0.688,0.324,NA,0.324,5.8206432078234,0.5750413956104,44207
"97","LaToya Sanders",2019,32,"WAS",3.4,34,34,804,87,3.8955223880597,172,7.70149253731343,87,3.8955223880597,172,7.70149253731343,0,0,0,0,33,1.47761194029851,37,1.65671641791045,44,1.97014925373134,186,8.32835820895522,142,6.35820895522388,66,2.95522388059702,30,1.34328358208955,47,2.1044776119403,30,1.34328358208955,71,3.17910447761194,207,9.26865671641791,358,16.0298507462687,0.506,0.892,0.506,NA,0.506,7.81183847859467,1.68124280330863,115000
"98","Layshia Clarendon",2019,28,"CON",0.6,9,0,138,18,4.69565217391304,43,11.2173913043478,16,4.17391304347826,41,10.695652173913,2,0.521739130434783,2,0.521739130434783,18,4.69565217391304,21,5.47826086956522,7,1.82608695652174,22,5.73913043478261,15,3.91304347826087,19,4.95652173913043,3,0.782608695652174,0,0,8,2.08695652173913,7,1.82608695652174,56,14.6086956521739,1523,397.304347826087,0.419,0.857,0.39,1,0.442,-0.198814268235134,0.159392534249935,93400
"99","Leilani Mitchell",2019,34,"PHO",3.5,32,27,971,134,4.96807415036045,304,11.2708547888774,60,2.22451081359423,132,4.89392378990731,74,2.74356333676622,172,6.37693099897013,68,2.5211122554068,82,3.04016477857878,16,0.593202883625129,96,3.55921730175077,80,2.96601441812564,128,4.74562306900103,30,1.11225540679712,10,0.370751802265705,58,2.15036045314109,78,2.8918640576725,410,15.2008238928939,83,3.07723995880536,0.441,0.829,0.455,0.43,0.563,-1.22052109446388,-0.512020845679421,96757
"100","Lexie Brown",2019,24,"MIN",1.6,33,0,605,84,4.99834710743802,209,12.4363636363636,32,1.90413223140496,74,4.40330578512397,52,3.09421487603306,135,8.03305785123967,30,1.78512396694215,38,2.26115702479339,7,0.416528925619835,45,2.67768595041322,38,2.26115702479339,47,2.79669421487603,31,1.84462809917355,1,0.059504132231405,41,2.4396694214876,42,2.49917355371901,250,14.8760330578512,4912,292.284297520661,0.402,0.789,0.432,0.385,0.526,3.00815595550764,0.427292836128772,44273
"101","Liz Cambage",2019,27,"LVA",4.1,32,30,807,196,8.74349442379182,389,17.3531598513011,194,8.6542750929368,377,16.817843866171,2,0.0892193308550186,12,0.535315985130111,116,5.17472118959108,155,6.91449814126394,63,2.81040892193309,261,11.6431226765799,198,8.83271375464684,68,3.03345724907063,19,0.847583643122677,51,2.27509293680297,72,3.21189591078067,88,3.92565055762082,510,22.7509293680297,4133,184.371747211896,0.504,0.748,0.515,0.167,0.506,4.87707330178621,1.51295473139395,115000
"102","Maite Cazorla",2019,22,"ATL",-0.2,31,1,477,29,2.18867924528302,93,7.0188679245283,16,1.20754716981132,38,2.86792452830189,13,0.981132075471698,55,4.15094339622642,21,1.58490566037736,24,1.81132075471698,2,0.150943396226415,21,1.58490566037736,19,1.43396226415094,49,3.69811320754717,18,1.35849056603774,1,0.0754716981132076,29,2.18867924528302,22,1.66037735849057,92,6.94339622641509,2325,175.471698113208,0.312,0.875,0.421,0.236,0.382,-1.86847523486886,0.00404255342304688,42570
"103","Maria Vadeeva",2019,20,"LAS",0.7,15,1,180,51,10.2,104,20.8,46,9.2,88,17.6,5,1,16,3.2,10,2,13,2.6,18,3.6,58,11.6,40,8,10,2,15,3,3,0.6,18,3.6,23,4.6,117,23.4,3553,710.6,0.49,0.769,0.523,0.313,0.514,4.85365270959226,0.512901198888208,44273
"104","Marie Gulich",2019,25,"ATL",-0.1,31,1,349,39,4.02292263610315,108,11.1404011461318,31,3.19770773638969,83,8.56160458452722,8,0.825214899713467,25,2.57879656160458,16,1.65042979942693,22,2.26934097421203,35,3.61031518624642,85,8.76790830945559,50,5.15759312320917,19,1.95988538681948,5,0.515759312320917,24,2.4756446991404,32,3.30085959885387,62,6.39541547277937,102,10.5214899713467,769,79.323782234957,0.361,0.727,0.373,0.32,0.398,0.823915142301643,-0.109232430389917,44273
"105","Marina Mabrey",2019,22,"LAS",0.3,31,0,355,45,4.56338028169014,131,13.2845070422535,24,2.43380281690141,54,5.47605633802817,21,2.12957746478873,77,7.80845070422535,14,1.41971830985916,16,1.62253521126761,6,0.608450704225352,38,3.85352112676056,32,3.24507042253521,30,3.04225352112676,19,1.92676056338028,7,0.709859154929578,24,2.43380281690141,23,2.33239436619718,125,12.6760563380282,3812,386.569014084507,0.344,0.875,0.444,0.273,0.424,-7.78773509796846,-1.31583362096702,42570
"106","Marine Johannes",2019,24,"NYL",0.7,19,0,345,48,5.00869565217391,110,11.4782608695652,23,2.4,44,4.59130434782609,25,2.60869565217391,66,6.88695652173913,15,1.56521739130435,19,1.98260869565217,9,0.939130434782609,34,3.54782608695652,25,2.60869565217391,46,4.8,8,0.834782608695652,3,0.31304347826087,22,2.29565217391304,30,3.1304347826087,136,14.1913043478261,661,68.9739130434783,0.436,0.789,0.523,0.379,0.55,-3.91331486597886,-0.675576264515506,41965
"107","Megan Gustafson",2019,22,"DAL",0.7,25,0,238,27,4.08403361344538,55,8.31932773109244,26,3.9327731092437,46,6.95798319327731,1,0.151260504201681,9,1.36134453781513,18,2.72268907563025,20,3.02521008403361,20,3.02521008403361,63,9.52941176470588,43,6.50420168067227,7,1.05882352941176,4,0.605042016806723,6,0.907563025210084,10,1.51260504201681,26,3.9327731092437,73,11.0420168067227,2824,427.159663865546,0.491,0.9,0.565,0.111,0.5,8.41581532370841,1.12892035953817,34194
"108","Mercedes Russell",2019,23,"SEA",3.1,34,30,870,106,4.38620689655172,204,8.44137931034483,106,4.38620689655172,204,8.44137931034483,0,0,0,0,42,1.73793103448276,65,2.68965517241379,81,3.35172413793103,207,8.56551724137931,126,5.21379310344828,35,1.44827586206897,37,1.53103448275862,17,0.703448275862069,33,1.36551724137931,85,3.51724137931035,254,10.5103448275862,527,21.8068965517241,0.52,0.646,0.52,NA,0.52,-8.23327989592868,-1.35794468106854,41965
"109","Monique Billings",2019,23,"ATL",0.7,29,2,553,56,3.64556962025316,144,9.374321880651,55,3.58047016274864,143,9.30922242314647,1,0.0650994575045208,1,0.0650994575045208,47,3.05967450271248,60,3.90596745027125,61,3.97106690777577,201,13.0849909584087,140,9.11392405063291,16,1.04159132007233,17,1.10669077757685,12,0.78119349005425,46,2.99457504520796,66,4.29656419529837,160,10.4159132007233,2975,193.670886075949,0.389,0.783,0.385,1,0.392,10.251479053582,1.54928117639474,42632
"110","Morgan Tuck",2019,25,"CON",0.3,33,0,352,45,4.60227272727273,116,11.8636363636364,30,3.06818181818182,74,7.56818181818182,15,1.53409090909091,42,4.29545454545455,18,1.84090909090909,30,3.06818181818182,18,1.84090909090909,66,6.75,48,4.90909090909091,28,2.86363636363636,13,1.32954545454545,3,0.306818181818182,30,3.06818181818182,44,4.5,123,12.5795454545455,1328,135.818181818182,0.388,0.6,0.405,0.357,0.453,-0.969035912126564,-0.0253507472328163,64538
"111","Myisha Hines-Allen",2019,23,"WAS",0.3,27,0,211,25,4.2654028436019,69,11.7725118483412,19,3.24170616113744,53,9.04265402843602,6,1.02369668246445,16,2.72985781990521,7,1.19431279620853,12,2.04739336492891,25,4.2654028436019,58,9.8957345971564,33,5.6303317535545,24,4.09478672985782,9,1.53554502369668,11,1.87677725118483,21,3.58293838862559,32,5.45971563981043,63,10.7488151658768,2366,403.677725118483,0.362,0.583,0.358,0.375,0.406,4.0791783175686,0.283856773268037,42632
"112","Napheesa Collier",2019,22,"MIN",5.2,34,34,1131,167,5.31564986737401,341,10.8541114058355,137,4.36074270557029,258,8.21220159151194,30,0.954907161803714,83,2.64190981432361,80,2.54641909814324,101,3.21485411140584,60,1.90981432360743,223,7.09814323607427,163,5.18832891246684,87,2.76923076923077,65,2.06896551724138,32,1.01856763925729,65,2.06896551724138,99,3.15119363395225,444,14.132625994695,497,15.8196286472149,0.49,0.792,0.531,0.361,0.534,-5.76646154079537,-1.27513524902092,49539
"113","Natalie Achonwa",2019,26,"IND",2.7,30,18,636,99,5.60377358490566,203,11.4905660377358,96,5.43396226415094,191,10.811320754717,3,0.169811320754717,12,0.679245283018868,60,3.39622641509434,66,3.73584905660377,48,2.71698113207547,156,8.83018867924528,108,6.11320754716981,48,2.71698113207547,18,1.0188679245283,20,1.13207547169811,29,1.64150943396226,77,4.35849056603774,261,14.7735849056604,3313,187.528301886792,0.488,0.909,0.503,0.25,0.495,0.459278365880154,1.39914575714326,105000
"114","Natasha Cloud",2019,27,"WAS",2.5,34,34,1093,110,3.62305580969808,279,9.18938700823422,65,2.14089661482159,141,4.64409881061299,45,1.48215919487649,138,4.54528819762123,41,1.35041171088747,60,1.97621225983532,6,0.197621225983532,85,2.7996340347667,79,2.60201280878317,189,6.22506861848124,35,1.15279048490393,7,0.230558096980787,65,2.14089661482159,69,2.27264409881061,306,10.0786825251601,1647,54.2470265324794,0.394,0.683,0.461,0.326,0.475,-12.4061798303891,-2.97335888054521,115000
"115","Natasha Hiedeman",2019,22,"CON",0.8,20,0,205,24,4.21463414634146,58,10.1853658536585,11,1.93170731707317,30,5.26829268292683,13,2.28292682926829,28,4.91707317073171,12,2.10731707317073,24,4.21463414634146,7,1.22926829268293,30,5.26829268292683,23,4.0390243902439,38,6.67317073170732,8,1.40487804878049,2,0.351219512195122,13,2.28292682926829,25,4.39024390243902,73,12.819512195122,5,0.878048780487805,0.414,0.5,0.367,0.464,0.526,-5.31111059155306,-0.67062564606389,27598
"116","Natasha Howard",2019,27,"SEA",4.6,34,34,1066,227,7.66604127579737,517,17.4596622889306,195,6.58536585365854,413,13.9474671669794,32,1.08067542213884,104,3.51219512195122,128,4.32270168855535,158,5.33583489681051,92,3.10694183864916,279,9.42213883677298,187,6.31519699812383,72,2.43151969981238,74,2.49906191369606,59,1.99249530956848,99,3.34333958724203,100,3.37711069418386,614,20.7354596622889,1068,36.0675422138837,0.439,0.81,0.472,0.308,0.47,1.71762861120674,1.13124750064716,115000
"117","Nayo Raincock-Ekunwe",2019,27,"NYL",0.4,28,1,367,43,4.21798365122616,79,7.74931880108992,42,4.11989100817439,76,7.4550408719346,1,0.0980926430517711,3,0.294277929155313,16,1.56948228882834,25,2.45231607629428,39,3.82561307901907,77,7.55313351498638,38,3.7275204359673,12,1.17711171662125,8,0.784741144414169,4,0.392370572207084,22,2.15803814713896,43,4.21798365122616,103,10.1035422343324,3735,366.376021798365,0.544,0.64,0.553,0.333,0.551,7.57587380152337,1.43598638703985,41965
"118","Nia Coffey",2019,24,"ATL",0.2,28,6,389,47,4.34961439588689,139,12.8637532133676,25,2.31362467866324,81,7.49614395886889,22,2.03598971722365,58,5.36760925449871,23,2.12853470437018,42,3.88688946015424,23,2.12853470437018,78,7.21850899742931,55,5.08997429305913,12,1.11053984575835,14,1.29562982005141,13,1.20308483290488,21,1.94344473007712,52,4.81233933161954,139,12.8637532133676,1451,134.282776349614,0.338,0.548,0.309,0.379,0.417,2.56721841721851,0.58611279281032,53563
"119","Nneka Ogwumike",2019,28,"LAS",5.5,32,32,892,207,8.3542600896861,406,16.3856502242152,184,7.42600896860987,338,13.6412556053812,23,0.928251121076233,68,2.74439461883408,77,3.10762331838565,93,3.75336322869955,73,2.94618834080717,282,11.3811659192825,209,8.43497757847534,58,2.34080717488789,60,2.42152466367713,15,0.605381165919282,58,2.34080717488789,92,3.71300448430493,514,20.7443946188341,647,26.1121076233184,0.51,0.828,0.544,0.338,0.538,-3.96849923068524,-1.46538859869169,115000
"120","Odyssey Sims",2019,26,"MIN",2.1,34,34,1083,189,6.28254847645429,455,15.1246537396122,164,5.45152354570637,362,12.0332409972299,25,0.831024930747922,93,3.09141274238227,89,2.9584487534626,112,3.72299168975069,24,0.797783933518006,114,3.78947368421053,90,2.99168975069252,185,6.14958448753463,46,1.52908587257618,4,0.132963988919668,112,3.72299168975069,68,2.26038781163435,492,16.3545706371191,4799,159.523545706371,0.415,0.795,0.453,0.269,0.443,2.53085776808033,0.305995821029435,115000
"121","Paris Kea",2019,23,"IND",-0.1,11,0,60,11,6.6,27,16.2,6,3.6,18,10.8,5,3,9,5.4,2,1.2,4,2.4,1,0.6,5,3,4,2.4,6,3.6,1,0.6,2,1.2,9,5.4,4,2.4,29,17.4,2256,1353.6,0.407,0.5,0.333,0.556,0.5,-3.58919124794757,-0.605214616910266,41965
"122","Rachel Banham",2019,25,"CON",-0.2,29,0,353,37,3.77337110481586,115,11.728045325779,15,1.52974504249292,43,4.38526912181303,22,2.24362606232295,72,7.34277620396601,9,0.917847025495751,13,1.3257790368272,1,0.101983002832861,30,3.05949008498584,29,2.95750708215297,26,2.65155807365439,8,0.81586402266289,2,0.203966005665722,26,2.65155807365439,34,3.46742209631728,105,10.7082152974504,2643,269.541076487252,0.322,0.692,0.349,0.306,0.417,0.621872576098795,0.257054422865445,64538
"123","Rebecca Allen",2019,26,"NYL",0.6,24,2,412,65,5.67961165048544,156,13.631067961165,36,3.14563106796116,88,7.68932038834951,29,2.53398058252427,68,5.94174757281553,13,1.13592233009709,16,1.39805825242718,12,1.04854368932039,61,5.33009708737864,49,4.28155339805825,17,1.48543689320388,12,1.04854368932039,18,1.57281553398058,17,1.48543689320388,51,4.45631067961165,172,15.0291262135922,2357,205.95145631068,0.417,0.813,0.409,0.426,0.51,8.79716739223731,1.30398179285206,80000
"124","Renee Montgomery",2019,32,"ATL",0.9,34,34,949,107,4.05900948366702,289,10.9631190727081,39,1.47945205479452,79,2.9968387776607,68,2.5795574288725,210,7.96628029504742,42,1.59325605900948,51,1.93466807165437,9,0.341412012644889,74,2.80716543730242,65,2.46575342465753,90,3.41412012644889,31,1.17597471022129,6,0.227608008429926,64,2.42781875658588,51,1.93466807165437,324,12.290832455216,3281,124.463645943098,0.37,0.824,0.494,0.324,0.488,-2.80561594308881,-0.444357212739208,107000
"125","Reshanda Gray",2019,26,"NYL",0.5,34,10,519,71,4.92485549132948,150,10.4046242774566,70,4.85549132947977,148,10.2658959537572,1,0.069364161849711,2,0.138728323699422,35,2.42774566473988,62,4.30057803468208,62,4.30057803468208,176,12.2080924855491,114,7.90751445086705,18,1.2485549132948,16,1.10982658959538,7,0.485549132947977,42,2.91329479768786,113,7.83815028901734,178,12.3468208092486,4119,285.71098265896,0.473,0.565,0.473,0.5,0.477,-4.13949048844846,-0.752948323947445,41965
"126","Riquna Williams",2019,29,"LAS",2,23,14,593,93,5.64586846543002,242,14.6913996627319,39,2.36762225969646,104,6.31365935919056,54,3.27824620573356,138,8.37774030354132,44,2.67116357504216,50,3.035413153457,13,0.78920741989882,60,3.6424957841484,47,2.85328836424958,37,2.24620573355818,26,1.57841483979764,4,0.24283305227656,28,1.69983136593592,58,3.52107925801012,284,17.2411467116357,2954,179.332209106239,0.384,0.88,0.375,0.391,0.496,1.34216058941304,0.478728504495863,110000
"127","Sami Whitcomb",2019,30,"SEA",1.2,33,13,674,82,4.37982195845697,224,11.9643916913947,19,1.01483679525223,40,2.13649851632047,63,3.36498516320475,184,9.82789317507418,11,0.587537091988131,11,0.587537091988131,17,0.908011869436202,57,3.04451038575668,40,2.13649851632047,78,4.16617210682493,36,1.92284866468843,4,0.213649851632047,52,2.77744807121662,49,2.61721068249258,238,12.7121661721068,103,5.50148367952522,0.366,1,0.475,0.342,0.507,6.29366771102903,1.22039487373387,50000
"128","Sancho Lyttle",2019,35,"PHO",0.2,20,2,250,26,3.744,62,8.928,25,3.6,58,8.352,1,0.144,4,0.576,5,0.72,8,1.152,14,2.016,58,8.352,44,6.336,6,0.864,12,1.728,5,0.72,12,1.728,27,3.888,58,8.352,3521,507.024,0.419,0.625,0.431,0.25,0.427,0.919336321054889,0.159184760256843,80000
"129","Seimone Augustus",2019,35,"MIN",-0.4,12,7,156,20,4.61538461538461,64,14.7692307692308,18,4.15384615384615,52,12,2,0.461538461538462,12,2.76923076923077,3,0.692307692307692,4,0.923076923076923,2,0.461538461538462,7,1.61538461538462,5,1.15384615384615,15,3.46153846153846,5,1.15384615384615,1,0.230769230769231,12,2.76923076923077,5,1.15384615384615,45,10.3846153846154,3136,723.692307692308,0.313,0.75,0.346,0.167,0.328,9.17510174677134,1.05183958886317,111000
"130","Shao Ting",2019,29,"MIN",-0.1,5,0,27,2,2.66666666666667,10,13.3333333333333,2,2.66666666666667,10,13.3333333333333,0,0,0,0,2,2.66666666666667,3,4,2,2.66666666666667,6,8,4,5.33333333333333,2,2.66666666666667,0,0,1,1.33333333333333,2,2.66666666666667,6,8,6,8,2853,3804,0.2,0.667,0.2,NA,0.2,-16.5965605720474,-0.779596656952581,41965
"131","Shatori Walker-Kimbrough",2019,24,"WAS",1.9,34,1,580,76,4.71724137931035,176,10.9241379310345,54,3.35172413793103,105,6.51724137931035,22,1.36551724137931,71,4.40689655172414,53,3.28965517241379,57,3.53793103448276,17,1.0551724137931,53,3.28965517241379,36,2.23448275862069,42,2.60689655172414,28,1.73793103448276,8,0.496551724137931,34,2.11034482758621,41,2.5448275862069,227,14.0896551724138,733,45.4965517241379,0.432,0.93,0.514,0.31,0.494,-8.90859958101661,-1.6856486288623,53563
"132","Shavonte Zellous",2019,32,"SEA",0.1,31,4,432,44,3.66666666666667,116,9.66666666666667,38,3.16666666666667,84,7,6,0.5,32,2.66666666666667,30,2.5,40,3.33333333333333,6,0.5,48,4,42,3.5,45,3.75,10,0.833333333333333,6,0.5,35,2.91666666666667,44,3.66666666666667,124,10.3333333333333,1462,121.833333333333,0.379,0.75,0.452,0.188,0.405,0.297811370173124,-0.100165917418901,65000
"133","Shekinna Stricklen",2019,28,"CON",2.6,34,34,804,104,4.65671641791045,255,11.4179104477612,28,1.25373134328358,56,2.50746268656716,76,3.40298507462687,199,8.91044776119403,22,0.985074626865672,27,1.2089552238806,9,0.402985074626866,65,2.91044776119403,56,2.50746268656716,39,1.74626865671642,34,1.52238805970149,7,0.313432835820896,28,1.25373134328358,79,3.53731343283582,306,13.7014925373134,3368,150.805970149254,0.408,0.815,0.5,0.382,0.557,1.96297930261947,0.79344205651047,106000
"134","Shenise Johnson",2019,28,"IND",0.2,17,0,219,30,4.93150684931507,90,14.7945205479452,22,3.61643835616438,57,9.36986301369863,8,1.31506849315068,33,5.42465753424657,15,2.46575342465753,16,2.63013698630137,11,1.80821917808219,35,5.75342465753425,24,3.94520547945205,18,2.95890410958904,12,1.97260273972603,2,0.328767123287671,12,1.97260273972603,17,2.79452054794521,83,13.6438356164384,884,145.315068493151,0.333,0.938,0.386,0.242,0.378,6.44347511337422,0.499105156997603,104000
"135","Shey Peddy",2019,30,"WAS",0.5,15,0,71,8,4.05633802816901,13,6.59154929577465,4,2.02816901408451,5,2.53521126760563,4,2.02816901408451,8,4.05633802816901,6,3.04225352112676,6,3.04225352112676,1,0.507042253521127,9,4.56338028169014,8,4.05633802816901,8,4.05633802816901,4,2.02816901408451,0,0,3,1.52112676056338,8,4.05633802816901,26,13.1830985915493,1530,775.774647887324,0.615,1,0.8,0.5,0.769,5.5267969535625,0.641744565991669,2723
"136","Sophie Cunningham",2019,22,"PHO",0.5,32,5,389,28,2.59125964010283,79,7.31105398457584,14,1.29562982005141,33,3.05398457583548,14,1.29562982005141,46,4.25706940874036,30,2.77634961439589,34,3.14652956298201,6,0.555269922879177,45,4.16452442159383,39,3.60925449871465,25,2.31362467866324,11,1.01799485861183,4,0.370179948586118,20,1.85089974293059,53,4.90488431876607,100,9.25449871465296,3235,299.383033419023,0.354,0.882,0.424,0.304,0.443,-3.45617527911228,-0.607118129778954,42570
"137","Stefanie Dolson",2019,27,"CHI",2.7,34,34,850,121,5.12470588235294,233,9.86823529411765,91,3.85411764705882,150,6.35294117647059,30,1.27058823529412,83,3.51529411764706,44,1.86352941176471,49,2.07529411764706,41,1.73647058823529,189,8.00470588235294,148,6.26823529411765,75,3.17647058823529,21,0.889411764705882,34,1.44,66,2.79529411764706,125,5.29411764705882,316,13.3835294117647,1881,79.6658823529412,0.519,0.898,0.607,0.361,0.584,-2.34125363267654,-0.0570218709193786,115000
"138","Stephanie Mavunga",2019,24,"IND",0.6,24,0,204,24,4.23529411764706,47,8.29411764705882,24,4.23529411764706,46,8.11764705882353,0,0,1,0.176470588235294,12,2.11764705882353,17,3,21,3.70588235294118,56,9.88235294117647,35,6.17647058823529,4,0.705882352941176,6,1.05882352941176,7,1.23529411764706,10,1.76470588235294,39,6.88235294117647,60,10.5882352941176,310,54.7058823529412,0.511,0.706,0.522,0,0.511,-7.69620048420167,-0.249050061679633,42632
"139","Stephanie Talbot",2019,25,"MIN",1.1,33,10,561,57,3.65775401069519,154,9.88235294117647,26,1.66844919786096,59,3.78609625668449,31,1.98930481283422,95,6.09625668449198,27,1.73262032085561,31,1.98930481283422,18,1.15508021390374,79,5.06951871657754,61,3.9144385026738,41,2.63101604278075,30,1.92513368983957,9,0.577540106951872,42,2.6951871657754,37,2.37433155080214,172,11.0374331550802,1306,83.807486631016,0.37,0.871,0.441,0.326,0.471,-10.5019651506841,-2.28733720428332,43311
"140","Sugar Rodgers",2019,29,"LVA",0.5,33,0,382,40,3.7696335078534,111,10.4607329842932,10,0.942408376963351,27,2.54450261780105,30,2.82722513089005,84,7.91623036649215,3,0.282722513089005,5,0.471204188481675,4,0.37696335078534,48,4.52356020942408,44,4.14659685863874,39,3.67539267015707,13,1.22513089005236,12,1.13089005235602,27,2.54450261780105,37,3.4869109947644,113,10.6492146596859,3968,373.947643979058,0.36,0.6,0.37,0.357,0.495,0.423561895379273,0.0206241786484923,102000
"141","Sydney Colson",2019,29,"LVA",1.2,33,0,379,37,3.51451187335092,84,7.97889182058047,28,2.65963060686016,64,6.07915567282322,9,0.854881266490765,20,1.89973614775726,27,2.5646437994723,33,3.13456464379947,2,0.189973614775726,23,2.18469656992084,21,1.99472295514512,59,5.60422163588391,31,2.94459102902375,4,0.379947229551451,28,2.65963060686016,40,3.79947229551451,110,10.4485488126649,1617,153.593667546174,0.44,0.818,0.438,0.45,0.494,-1.84489549016296,-0.41823936248962,56375
"142","Sydney Wiese",2019,24,"LAS",0.8,32,16,659,55,3.00455235204856,143,7.81183611532625,21,1.14719271623672,50,2.73141122913505,34,1.85735963581184,93,5.0804248861912,9,0.49165402124431,9,0.49165402124431,5,0.273141122913505,42,2.29438543247344,37,2.02124430955994,57,3.11380880121396,15,0.819423368740516,8,0.437025796661609,32,1.74810318664643,27,1.47496206373293,153,8.35811836115326,5002,273.250379362671,0.385,1,0.42,0.366,0.503,8.04886297356683,2.23604120050366,47798
"143","Sylvia Fowles",2019,33,"MIN",5.3,34,34,1003,197,7.07078763708873,335,12.0239282153539,197,7.07078763708873,335,12.0239282153539,0,0,0,0,70,2.51246261216351,99,3.55333998005982,92,3.30209371884347,302,10.839481555334,210,7.53738783649053,51,1.83050847457627,32,1.14855433698903,47,1.68693918245264,68,2.4406779661017,88,3.15852442671984,464,16.654037886341,1162,41.7068793619143,0.588,0.707,0.588,NA,0.588,-1.65935926023096,-0.237205425172219,113360
"144","Tamera Young",2019,32,"LVA",0.6,34,4,628,68,3.89808917197452,179,10.2611464968153,63,3.61146496815287,163,9.34394904458599,5,0.286624203821656,16,0.917197452229299,39,2.23566878980892,61,3.4968152866242,35,2.00636942675159,124,7.10828025477707,89,5.10191082802548,67,3.84076433121019,23,1.31847133757962,4,0.229299363057325,48,2.7515923566879,61,3.4968152866242,180,10.3184713375796,4563,261.573248407643,0.38,0.639,0.387,0.313,0.394,2.3924042345827,0.55956475736061,97600
"145","Tanisha Wright",2019,35,"NYL",0.6,31,17,613,54,3.17128874388255,130,7.63458401305057,40,2.34910277324633,92,5.40293637846656,14,0.822185970636215,38,2.23164763458401,25,1.46818923327896,31,1.82055464926591,21,1.23327895595432,86,5.05057096247961,65,3.81729200652529,126,7.39967373572594,32,1.87928221859706,9,0.528548123980424,57,3.34747145187602,67,3.9347471451876,147,8.63295269168026,97,5.69657422512235,0.415,0.806,0.435,0.368,0.469,-2.88881988450497,-0.492984645405172,94860
"146","Tayler Hill",2019,28,"DAL",0.1,4,2,49,4,2.93877551020408,13,9.55102040816327,3,2.20408163265306,7,5.14285714285714,1,0.73469387755102,6,4.40816326530612,4,2.93877551020408,5,3.6734693877551,2,1.46938775510204,5,3.6734693877551,3,2.20408163265306,3,2.20408163265306,1,0.73469387755102,0,0,0,0,4,2.93877551020408,13,9.55102040816327,4470,3284.08163265306,0.308,0.8,0.429,0.167,0.346,6.43069997034744,0.426494161392899,115000
"147","Teaira McCowan",2019,22,"IND",3.9,34,16,752,119,5.6968085106383,230,11.0106382978723,119,5.6968085106383,230,11.0106382978723,0,0,0,0,103,4.93085106382979,150,7.18085106382979,108,5.17021276595745,305,14.6010638297872,197,9.43085106382979,8,0.382978723404255,20,0.957446808510638,44,2.1063829787234,44,2.1063829787234,110,5.26595744680851,341,16.3244680851064,2192,104.936170212766,0.517,0.687,0.517,NA,0.517,-10.7836672306481,-1.41604346416427,53537
"148","Temi Fagbenle",2019,26,"MIN",0.2,18,0,271,42,5.57933579335793,81,10.760147601476,41,5.44649446494465,75,9.96309963099631,1,0.132841328413284,6,0.797047970479705,13,1.72693726937269,18,2.39114391143911,22,2.92250922509225,52,6.90774907749078,30,3.98523985239852,15,1.99261992619926,6,0.797047970479705,6,0.797047970479705,32,4.25092250922509,41,5.44649446494465,98,13.0184501845018,1320,175.350553505535,0.519,0.722,0.547,0.167,0.525,-0.201741243455328,0.0764265635329201,48564
"149","Theresa Plaisance",2019,27,"TOT",0.7,31,12,442,54,4.39819004524887,146,11.8914027149321,29,2.36199095022624,73,5.94570135746606,25,2.03619909502262,73,5.94570135746606,21,1.710407239819,26,2.11764705882353,24,1.95475113122172,113,9.20361990950226,89,7.24886877828054,34,2.76923076923077,9,0.733031674208145,19,1.54751131221719,31,2.52488687782805,65,5.29411764705882,154,12.5429864253394,4831,393.475113122172,0.37,0.808,0.397,0.342,0.455,6.70821771956268,1.06755702872581,104000
"150","Tianna Hawkins",2019,28,"WAS",2.7,31,1,477,113,8.52830188679245,220,16.6037735849057,80,6.0377358490566,129,9.73584905660377,33,2.49056603773585,91,6.86792452830189,37,2.79245283018868,40,3.0188679245283,47,3.54716981132075,129,9.73584905660377,82,6.18867924528302,23,1.73584905660377,14,1.05660377358491,4,0.30188679245283,35,2.64150943396226,77,5.81132075471698,296,22.3396226415094,146,11.0188679245283,0.514,0.925,0.62,0.363,0.589,2.84436919007318,0.104874064933824,70000
"151","Tierra Ruffin-Pratt",2019,28,"LAS",1.5,34,33,856,72,3.02803738317757,196,8.24299065420561,47,1.97663551401869,123,5.17289719626168,25,1.05140186915888,73,3.07009345794392,35,1.47196261682243,41,1.72429906542056,20,0.841121495327103,83,3.49065420560748,63,2.64953271028037,57,2.39719626168224,26,1.09345794392523,20,0.841121495327103,29,1.2196261682243,91,3.82710280373832,204,8.57943925233645,3834,161.242990654206,0.367,0.854,0.382,0.342,0.431,-4.98934641129067,-1.19314796729662,56375
"152","Tiffany Bias",2019,27,"NYL",-0.3,12,0,105,7,2.4,28,9.6,4,1.37142857142857,9,3.08571428571429,3,1.02857142857143,19,6.51428571428571,6,2.05714285714286,7,2.4,0,0,6,2.05714285714286,6,2.05714285714286,11,3.77142857142857,3,1.02857142857143,0,0,8,2.74285714285714,7,2.4,23,7.88571428571429,3593,1231.88571428571,0.25,0.857,0.444,0.158,0.304,4.51723971667933,0.37003605166627,41695
"153","Tiffany Hayes",2019,29,"ATL",1,29,29,817,147,6.47735618115055,374,16.4798041615667,111,4.89106487148103,257,11.3243574051408,36,1.58629130966952,117,5.15544675642595,97,4.27417380660955,127,5.59608323133415,21,0.925336597307222,87,3.83353733170135,66,2.90820073439412,82,3.61321909424725,29,1.27784577723378,8,0.352509179926561,70,3.08445532435741,71,3.12851897184823,427,18.8151774785802,2909,128.181150550796,0.393,0.764,0.432,0.308,0.441,-8.99261879840203,-1.93104340015189,115260
"154","Tiffany Mitchell",2019,24,"IND",0.8,33,14,831,109,4.72202166064982,286,12.3898916967509,89,3.85559566787004,217,9.40072202166065,20,0.866425992779783,69,2.98916967509025,83,3.5956678700361,93,4.02888086642599,22,0.953068592057762,95,4.11552346570397,73,3.16245487364621,71,3.07581227436823,19,0.823104693140794,3,0.129963898916968,55,2.3826714801444,83,3.5956678700361,321,13.9061371841155,2502,108.389891696751,0.381,0.892,0.41,0.29,0.416,6.71276544209735,0.791907217625947,53290
"155","Tina Charles",2019,30,"NYL",-0.1,33,33,1028,220,7.70428015564202,566,19.8210116731518,209,7.31906614785992,507,17.7548638132296,11,0.385214007782101,59,2.06614785992218,108,3.78210116731517,133,4.65758754863813,65,2.27626459143969,249,8.71984435797665,184,6.44357976653697,78,2.73151750972763,23,0.805447470817121,29,1.01556420233463,85,2.97665369649805,92,3.22178988326848,559,19.5758754863813,3633,127.225680933852,0.389,0.812,0.412,0.186,0.398,-6.33121272750441,-1.29349702338073,117500
"156","Victoria Macaulay",2019,28,"CHI",0.1,5,0,22,2,3.27272727272727,5,8.18181818181818,2,3.27272727272727,5,8.18181818181818,0,0,0,0,2,3.27272727272727,2,3.27272727272727,1,1.63636363636364,4,6.54545454545455,3,4.90909090909091,0,0,2,3.27272727272727,1,1.63636363636364,0,0,3,4.90909090909091,6,9.81818181818182,954,1561.09090909091,0.4,1,0.4,NA,0.4,-2.6734833011959,-0.0959190591616551,21000
"157","Yvonne Turner",2019,31,"PHO",-0.3,29,14,595,59,3.56974789915966,172,10.4067226890756,33,1.99663865546218,93,5.62689075630252,26,1.57310924369748,79,4.77983193277311,43,2.60168067226891,49,2.96470588235294,8,0.484033613445378,80,4.84033613445378,72,4.3563025210084,67,4.05378151260504,18,1.0890756302521,2,0.121008403361345,59,3.56974789915966,37,2.23865546218487,187,11.3142857142857,400,24.2016806722689,0.343,0.878,0.355,0.329,0.419,3.59561004652795,0.771320247053695,41965
