"","PlusMinus","Turnovers"
"1",-3,5
"2",-10,4
"3",-11,3
"4",-21,2
"5",0,1
"7",-11,1
"8",0,0
"9",6,1
"10",0,1
"13",6,1
"21",11,2
"31",1,1
"41",11,2
"51",13,1
"71",3,1
"81",4,1
"91",5,0
"101",0,1
"11",-1,1
"12",-3,0
"18",-5,2
"22",-19,2
"32",-23,0
"42",-20,4
"52",-14,0
"72",-7,1
"82",-6,1
"92",-5,1
"102",1,0
"112",6,3
"122",2,1
"132",16,2
"211",28,2
"311",12,3
"411",16,0
"511",30,3
"711",-10,1
"811",13,6
"911",-7,0
"1011",-5,0
"111",-3,3
"19",-14,1
"23",-18,2
"33",-13,2
"43",-11,0
"53",-4,1
"73",-2,2
"83",3,0
"93",7,2
"103",-4,3
"113",1,0
"123",15,2
"212",13,2
"312",7,2
"412",1,6
"512",13,5
"712",-3,0
"812",4,2
"912",-3,0
"1012",-3,0
"1111",11,0
"110",3,1
"24",0,1
"34",2,5
"44",2,3
"54",4,3
"74",3,1
"84",1,1
"94",0,1
"133",0,0
"213",-6,2
"313",-3,0
"413",2,2
"513",-3,2
"713",-2,0
"813",5,1
"913",-9,1
"104",1,1
"114",0,1
"124",0,2
"115",-2,3
"25",-9,1
"35",-4,2
"45",-2,4
"55",-4,2
"75",-2,0
"85",0,1
"95",-4,0
"105",-8,1
"116",8,3
"214",13,3
"314",8,2
"414",5,4
"514",7,5
"714",-8,0
"814",-1,0
"914",1,0
"1013",2,3
"117",-5,0
"26",3,4
"36",2,1
"46",-2,1
"56",-4,3
"76",0,1
"86",-6,1
"96",-6,2
"106",2,3
"118",6,0
"125",-1,3
"215",-4,1
"315",-6,4
"415",0,1
"515",1,4
"715",6,0
"815",7,2
"915",4,1
"1014",3,1
"119",14,3
"27",3,2
"37",-5,0
"47",-1,4
"57",-5,1
"77",-3,0
"87",-4,2
"97",10,2
"107",11,2
"1110",-1,2
"216",4,2
"316",-21,2
"416",6,1
"516",-6,5
"716",-9,2
"816",11,4
"916",7,1
"1015",-11,2
"120",-6,3
"28",-3,2
"38",-5,4
"48",0,2
"58",-6,4
"78",-2,0
"88",-5,3
"98",1,1
"108",-4,2
"1112",10,3
"217",2,1
"317",-5,2
"417",6,4
"517",4,5
"717",0,1
"817",11,1
"917",2,0
"126",1,3
"29",-2,0
"39",9,2
"49",3,2
"59",6,2
"79",6,0
"89",-5,1
"99",0,1
"109",1,1
"1113",-2,2
"127",3,0
"134",-5,1
"218",-5,0
"318",-9,0
"418",0,3
"518",-8,2
"718",-3,1
"818",5,0
"918",5,2
"128",6,3
"210",-6,2
"310",9,2
"410",9,3
"510",-6,1
"710",-11,2
"810",20,0
"910",3,0
"1010",1,2
"1114",0,1
"129",7,0
"219",-12,4
"319",-2,1
"419",4,2
"519",-6,3
"719",-2,1
"819",-7,0
"919",-5,1
"1016",-2,2
"130",-2,1
"220",-6,1
"320",-6,5
"420",-9,4
"520",-9,2
"720",-7,2
"820",-3,0
"920",0,1
"1017",-3,0
"1115",1,2
"2110",6,5
"3110",12,4
"4110",15,3
"5110",6,3
"7110",8,1
"8110",3,0
"9110",3,0
"1018",-9,1
"135",3,4
"221",5,3
"321",4,1
"421",3,3
"521",2,4
"721",-7,1
"821",5,0
"921",3,0
"1019",2,1
"1210",-11,0
"2111",3,5
"3111",11,1
"4111",-5,5
"5111",0,1
"7111",2,1
"8111",-10,0
"9111",-7,1
"10110",0,0
"1116",-3,3
"136",-8,3
"222",2,1
"322",-1,0
"422",-9,1
"522",4,2
"722",0,0
"822",-2,0
"922",-1,0
"1117",1,3
"2112",9,4
"3112",-7,1
"4112",4,4
"5112",-6,0
"7112",9,0
"8112",-8,1
"9112",9,2
"1020",4,0
"137",-13,2
"223",-17,0
"323",-12,2
"423",-10,1
"523",-11,3
"723",-4,0
"823",-3,2
"923",-1,1
"1021",-7,2
"1118",-7,2
"1211",12,1
"2113",18,1
"3113",9,2
"4113",13,2
"5113",19,5
"7113",2,0
"8113",0,1
"9113",8,0
"10111",4,1
"1119",0,0
"138",2,2
"224",10,2
"324",12,2
"424",4,1
"524",4,3
"724",-9,1
"824",-4,1
"924",-9,0
"1022",5,1
"1212",2,0
"2114",-2,2
"3114",-4,2
"4114",2,7
"5114",-14,2
"7114",-1,0
"8114",1,2
"9114",8,0
"10112",-2,2
"1120",-5,1
"139",5,1
"225",4,1
"325",11,0
"425",6,0
"525",6,3
"725",-10,1
"825",-7,0
"925",-10,2
"1121",-7,1
"2115",-5,1
"3115",2,2
"4115",-12,3
"5115",-6,2
"7115",0,0
"8115",11,3
"9115",12,0
"140",2,1
"226",-3,1
"326",3,1
"426",-9,1
"526",-7,2
"726",-8,1
"826",-10,1
"926",1,3
"1023",-4,1
"1122",5,0
"2116",10,3
"3116",12,3
"4116",4,1
"5116",3,3
"7116",2,0
"8116",-3,1
"9116",3,1
"10113",-1,0
"142",-12,0
"227",-7,0
"327",-8,3
"427",-13,5
"527",-5,3
"727",-7,0
"827",0,0
"927",2,1
"1024",-6,0
"1123",-9,1
"1213",2,2
"2117",8,4
"3117",7,2
"4117",8,3
"5117",9,4
"7117",3,0
"8117",19,2
"9117",9,1
"10114",0,0
"143",15,1
"228",14,3
"328",21,1
"428",13,5
"528",10,2
"728",-10,2
"828",-6,0
"928",-3,0
"1025",0,3
"1124",1,2
"1214",-19,0
"2118",-4,2
"3118",-16,1
"4118",2,5
"5118",-22,3
"7118",8,2
"8118",-3,0
"9118",-1,0
"144",-5,1
"229",-1,3
"329",0,3
"429",-5,2
"529",0,5
"729",0,0
"829",4,0
"929",-5,2
"1026",-13,2
"1215",1,3
"2119",0,3
"3119",-2,4
"4119",6,3
"5119",-9,0
"7119",6,3
"8119",5,0
"9119",4,1
"10115",-1,1
"1125",15,0
"145",-2,1
"230",4,3
"330",10,4
"430",0,4
"530",4,0
"730",4,0
"830",7,1
"930",7,0
"1027",6,1
"1126",-6,2
"2120",-12,5
"3120",2,2
"4120",-7,1
"5120",-10,3
"7120",6,0
"8120",2,1
"9120",-15,3
"10116",0,1
"146",-4,4
"231",0,3
"331",-14,3
"431",-8,2
"531",-15,3
"731",-3,1
"831",-7,3
"931",-4,0
"1028",0,2
"1216",-21,0
"2121",-2,1
"3121",-16,0
"4121",-17,2
"5121",8,0
"7121",32,2
"8121",27,2
"9121",-3,1
"10117",19,2
"1127",28,4
"147",-18,2
"232",21,1
"332",13,1
"432",7,1
"532",10,0
"732",15,2
"832",11,0
"932",1,0
"1029",14,3
"1128",6,0
"1217",-5,0
"2122",-12,2
"3122",-9,2
"4122",-5,5
"5122",-5,1
"7122",-8,1
"8122",-3,1
"9122",-4,1
"10118",-25,4
"11110",-4,1
"148",-20,2
"233",-25,2
"333",-25,2
"433",-30,5
"533",-22,1
"733",5,0
"833",-7,3
"933",-12,0
"1030",-10,1
"1129",-12,2
"1218",-2,2
"1310",20,0
"2123",30,3
"3123",26,2
"4123",10,2
"5123",22,3
"7123",11,3
"8123",5,2
"9123",-4,0
"10119",30,2
"11111",10,2
"149",-8,2
"234",-9,1
"334",-13,2
"434",-13,3
"534",-19,4
"734",-8,2
"834",-10,0
"934",-14,1
"1031",-21,2
"1130",15,0
"2124",11,1
"3124",19,4
"4124",15,8
"5124",4,0
"7124",14,2
"8124",4,0
"9124",16,1
"10120",17,0
"150",8,2
"235",12,2
"335",12,2
"435",10,0
"535",7,2
"735",8,2
"835",8,3
"935",0,0
"1032",6,1
"1131",9,0
"1219",-7,1
"2125",-20,2
"3125",-6,2
"4125",-25,4
"5125",-2,2
"7125",-8,0
"8125",2,0
"9125",-11,5
"10121",-5,1
"11112",2,0
"152",8,2
"236",11,0
"336",-4,1
"436",11,4
"536",12,2
"736",-8,0
"836",14,2
"936",-9,1
"1132",-12,2
"2126",-14,2
"3126",-14,5
"4126",-7,1
"5126",-12,5
"7126",6,1
"8126",5,1
"9126",4,2
"1033",9,0
"153",-9,3
"237",-5,1
"337",-20,1
"437",-16,0
"537",-10,5
"737",4,4
"837",9,1
"937",7,2
"1220",16,0
"2127",12,2
"3127",8,5
"4127",15,1
"5127",3,6
"7127",-3,1
"8127",-8,1
"9127",-1,0
"1034",5,0
"1133",-7,0
"154",8,3
"238",-22,1
"338",-6,1
"438",-28,1
"538",-2,6
"738",8,3
"838",-12,1
"938",-11,1
"1035",15,0
"1221",11,1
"2128",10,2
"3128",18,0
"4128",9,2
"5128",4,1
"7128",-5,3
"8128",4,1
"9128",-2,1
"10122",8,5
"1134",-7,0
"155",-22,2
"239",-21,4
"339",-10,0
"439",-7,1
"539",-19,5
"739",5,1
"839",-1,0
"939",-4,1
"1036",-5,2
"1135",4,1
"1222",18,0
"2129",13,0
"3129",1,2
"4129",21,3
"5129",9,2
"7129",-7,0
"8129",0,0
"9129",16,4
"10123",-6,0
"11113",15,1
"156",-18,5
"240",-25,0
"340",-29,0
"440",-16,1
"540",-19,4
"740",-2,2
"840",-3,3
"940",-4,0
"1037",5,0
"1136",3,0
"1223",3,0
"1311",21,0
"2130",24,2
"3130",26,1
"4130",21,1
"5130",17,2
"7130",-6,2
"8130",-5,0
"9130",3,1
"10124",4,1
"157",-16,2
"241",-5,0
"341",-15,2
"441",-12,6
"541",-3,2
"741",8,0
"841",5,2
"941",2,2
"1038",-4,0
"1137",0,0
"1224",5,0
"2131",8,1
"3131",19,1
"4131",12,2
"5131",15,4
"7131",-4,2
"8131",-11,0
"9131",0,2
"10125",-4,1
"158",-6,5
"242",-3,2
"342",-8,2
"442",-6,1
"542",-4,5
"742",-6,0
"842",0,0
"942",-7,4
"1225",13,0
"2132",1,2
"3132",9,2
"4132",4,1
"5132",9,3
"7132",-5,1
"8132",0,0
"9132",-1,0
"1039",2,4
"1138",8,0
"159",11,3
"243",19,0
"343",19,2
"443",-8,2
"543",19,0
"743",-1,0
"843",-4,0
"943",-5,5
"1040",1,1
"1139",19,2
"1226",-13,2
"2133",-13,2
"3133",-13,1
"4133",-16,3
"5133",-12,2
"7133",1,2
"8133",0,0
"9133",-4,2
"10126",-5,0
"11114",5,2
"160",0,0
"244",-7,3
"344",-6,2
"444",0,1
"544",-5,5
"744",-2,2
"844",-3,0
"944",-7,0
"1041",-15,3
"1312",7,3
"2134",3,1
"3134",3,0
"4134",7,0
"5134",11,4
"7134",8,1
"8134",0,1
"9134",-1,0
"10127",-4,2
"1140",10,1
"1227",1,1
"162",-2,5
"245",-8,3
"345",-14,0
"445",-17,0
"545",-12,0
"745",6,2
"845",1,0
"945",9,1
"1042",9,1
"1141",8,3
"1228",5,1
"2135",8,2
"3135",21,3
"4135",-3,0
"5135",7,1
"7135",1,1
"8135",-1,3
"9135",-5,2
"10128",-13,2
"163",12,2
"246",14,2
"346",-2,1
"446",13,2
"546",16,1
"746",18,1
"846",-3,0
"946",-3,1
"1043",9,0
"1142",6,0
"1313",-5,0
"2136",-9,0
"3136",-15,2
"4136",-2,3
"5136",-10,1
"7136",-2,1
"8136",-5,2
"9136",-10,3
"10129",-7,0
"11115",-16,1
"1229",1,1
"164",-17,2
"247",-5,1
"347",-12,3
"447",-15,0
"547",-27,1
"747",-1,1
"847",-1,0
"947",-5,2
"1044",-15,1
"1143",-13,2
"1230",6,0
"1314",12,2
"2137",17,2
"3137",21,1
"4137",14,0
"5137",19,3
"7137",4,2
"8137",3,2
"9137",-7,1
"10130",16,0
"11116",6,1
"165",16,1
"248",30,3
"348",16,3
"448",27,0
"548",17,3
"748",6,3
"848",4,3
"948",-7,1
"1045",3,0
"1144",-4,1
"1231",7,2
"1315",-9,1
"2138",-14,1
"3138",-21,0
"4138",-28,5
"5138",-15,2
"7138",-12,2
"8138",2,2
"9138",-18,1
"10131",-4,1
"11117",4,0
"166",12,2
"249",19,3
"349",14,1
"449",12,2
"549",12,0
"749",-7,1
"849",-3,1
"949",-10,0
"1046",-4,0
"1145",-8,0
"1232",-4,1
"1316",-3,0
"14",-4,2
"2139",-4,1
"3139",-14,4
"4139",-1,1
"5139",-12,2
"7139",-2,2
"8139",8,1
"9139",0,0
"10132",-1,5
"167",-5,3
"250",-2,2
"350",-7,1
"450",-1,2
"550",1,5
"750",-2,0
"850",-6,0
"950",-2,1
"1047",-14,2
"1146",-12,4
"1233",9,0
"2140",4,2
"3140",7,3
"4140",6,2
"5140",8,0
"7140",2,1
"8140",3,0
"9140",8,3
"10133",3,1
"168",-11,1
"251",-5,0
"351",0,0
"451",6,3
"551",2,2
"751",-2,0
"851",-10,0
"951",-8,0
"1048",-18,2
"1147",-4,0
"1234",11,2
"2141",-11,0
"3141",-2,1
"4141",11,1
"5141",5,1
"7141",11,0
"8141",21,0
"9141",4,1
"169",-17,2
"252",-2,2
"352",-11,1
"452",-25,1
"552",-9,0
"752",7,1
"852",1,1
"952",2,2
"1049",4,0
"1235",14,2
"2142",5,0
"3142",12,2
"4142",21,2
"5142",-2,1
"7142",5,2
"8142",0,0
"9142",-2,2
"10134",0,1
"1148",-3,0
"170",11,0
"253",12,3
"353",20,0
"453",16,0
"553",11,1
"753",13,1
"853",-4,1
"953",-2,0
"1050",-2,0
"1149",5,2
"1236",-17,1
"2143",-8,2
"3143",-7,1
"4143",-7,1
"5143",-22,2
"7143",1,2
"8143",-9,0
"9143",-8,1
"10135",-3,2
"171",10,1
"254",15,2
"354",12,3
"454",14,2
"554",12,3
"754",4,1
"854",13,1
"954",0,1
"1150",-3,1
"2144",-10,2
"3144",-20,1
"4144",-6,2
"5144",-8,4
"7144",-6,1
"8144",-8,1
"9144",-6,0
"1051",-13,3
"172",3,1
"255",6,2
"355",2,1
"455",10,1
"555",7,1
"755",16,2
"855",-3,1
"955",7,5
"1052",7,1
"1151",-6,2
"2145",-9,4
"3145",0,1
"4145",-12,1
"5145",-3,5
"7145",-11,3
"8145",-2,0
"9145",-6,3
"10136",-6,0
"173",2,2
"256",3,1
"356",6,1
"456",3,2
"556",2,4
"756",-4,0
"856",-5,0
"956",-7,1
"1053",-10,0
"1152",8,2
"2146",-3,2
"3146",4,3
"4146",5,0
"5146",10,2
"7146",-2,1
"8146",-4,0
"9146",-3,0
"10137",-5,0
"174",-2,0
"257",-12,4
"357",-7,0
"457",-13,2
"557",-2,0
"757",9,2
"857",4,1
"957",5,1
"1054",-1,1
"1153",4,3
"1237",2,4
"2147",6,4
"3147",2,1
"4147",-1,3
"5147",5,3
"7147",1,2
"8147",-3,2
"9147",0,0
"10138",3,1
"175",5,2
"258",3,1
"358",1,0
"458",9,0
"558",12,2
"758",0,0
"858",-7,0
"958",2,0
"1154",-4,1
"2148",-10,0
"3148",-8,0
"4148",0,2
"5148",-6,1
"7148",-1,5
"8148",5,1
"9148",-4,1
"1055",3,0
"176",0,0
"259",1,1
"359",3,2
"459",7,2
"559",6,2
"759",-3,0
"859",0,1
"959",-14,0
"1056",-5,0
"1238",-13,2
"2149",-12,1
"3149",-2,3
"4149",5,4
"5149",4,3
"7149",16,0
"8149",-6,1
"9149",11,0
"10139",0,0
"1155",2,3
"177",-15,0
"260",-22,0
"360",-14,4
"460",-17,0
"560",-23,5
"760",-18,0
"860",-11,2
"960",-7,1
"1057",-18,2
"1317",10,0
"2150",16,1
"3150",17,2
"4150",20,1
"5150",14,0
"7150",13,0
"8150",17,0
"9150",-5,0
"10140",15,1
"1156",19,3
"1239",9,0
"178",-17,0
"261",-22,2
"361",-22,1
"461",-23,2
"561",-17,3
"761",-11,0
"861",-10,2
"961",-7,2
"1058",-11,3
"1240",2,2
"2151",17,1
"3151",20,1
"4151",19,1
"5151",12,4
"7151",16,0
"8151",7,1
"9151",6,0
"10141",24,0
"1157",17,1
"179",15,1
"262",15,2
"362",14,4
"462",14,2
"562",5,0
"762",9,0
"862",-8,3
"962",-4,1
"1241",-17,0
"2152",-18,1
"3152",-6,2
"4152",-18,3
"5152",2,3
"7152",-4,0
"8152",4,1
"9152",7,1
"1059",-16,1
"1158",6,0
"180",-4,1
"263",5,1
"363",-7,2
"463",1,4
"563",-5,2
"763",3,1
"863",2,1
"963",0,0
"1060",-7,0
"1159",-1,3
"1242",3,0
"1318",0,4
"2153",-3,0
"3153",-1,2
"4153",2,4
"5153",-1,0
"7153",2,0
"8153",2,0
"9153",3,2
"10142",3,2
"11118",3,1
"181",4,2
"264",11,3
"364",12,0
"464",17,3
"564",15,5
"764",11,1
"864",-5,4
"964",0,0
"1061",-1,0
"1160",0,1
"1243",-1,0
"1319",-3,1
"1410",-12,0
"2154",-12,1
"3154",-4,3
"4154",-1,2
"5154",-3,3
"7154",-2,1
"8154",1,1
"9154",-18,1
"10143",-9,2
"182",7,0
"265",0,3
"365",-3,1
"465",-7,5
"565",3,2
"765",-4,1
"865",-12,0
"965",-5,0
"1062",2,1
"1161",-6,2
"1320",6,1
"2155",-10,1
"3155",-4,0
"4155",12,1
"5155",-4,1
"7155",-1,0
"8155",3,0
"9155",-3,1
"10144",12,3
"11119",9,1
"1244",5,1
"183",-10,0
"266",-14,1
"366",-2,2
"466",-25,3
"566",-12,1
"766",-2,0
"866",18,0
"966",13,3
"1063",14,0
"1245",2,2
"2156",13,1
"3156",2,0
"4156",11,2
"5156",14,3
"7156",-6,2
"8156",-9,0
"9156",2,0
"10145",-9,1
"1162",0,1
"184",-5,3
"267",0,0
"367",-6,1
"467",-5,4
"567",6,2
"767",-9,1
"867",-4,1
"967",-16,1
"1064",-6,0
"1163",6,2
"2157",19,1
"3157",-1,2
"4157",14,3
"5157",-1,2
"7157",6,2
"8157",-3,0
"9157",5,0
"185",-4,2
"268",19,2
"368",7,1
"468",11,5
"568",16,1
"768",6,0
"868",-13,1
"968",-7,0
"1065",-3,0
"1164",-12,2
"1246",-11,2
"2158",-16,2
"3158",-17,0
"4158",-16,2
"5158",-10,1
"7158",13,0
"8158",9,2
"9158",10,1
"10146",11,0
"11120",7,4
"186",10,0
"269",-16,2
"369",16,3
"469",0,3
"569",11,0
"769",-5,1
"869",7,1
"969",3,0
"1066",-14,0
"1165",3,0
"1247",-16,1
"2159",-6,1
"3159",1,1
"4159",-4,6
"5159",-15,0
"7159",4,2
"8159",12,0
"9159",6,0
"10147",12,0
"11121",-9,1
"187",8,1
"270",5,2
"370",15,3
"470",14,3
"570",1,1
"770",-15,0
"870",-4,2
"970",-3,0
"1067",-1,1
"1166",0,1
"1248",-2,1
"2160",-2,0
"3160",-1,1
"4160",-1,1
"5160",-4,4
"7160",-12,1
"8160",-6,1
"9160",-2,1
"10148",10,1
"11122",0,1
"188",2,2
"271",4,0
"371",2,5
"471",6,4
"571",6,2
"771",-2,2
"871",9,1
"971",6,1
"1068",-3,0
"1167",5,1
"1249",0,1
"1321",-3,0
"2161",-3,1
"3161",-7,2
"4161",-7,4
"5161",-6,0
"7161",-2,1
"8161",-4,2
"9161",-4,3
"10149",-2,1
"11123",3,1
"189",-10,2
"272",-8,1
"372",-11,1
"472",-14,3
"572",-14,3
"772",-10,0
"872",-7,2
"972",-2,0
"1069",-7,1
"1168",-3,1
"1250",1,0
"1322",22,1
"2162",23,2
"3162",17,1
"4162",19,2
"5162",21,3
"7162",-3,0
"8162",-5,1
"9162",-3,1
"10150",-4,0
"11124",-2,0
"121",0,0
"190",-4,1
"273",-7,2
"373",-15,2
"473",-11,1
"573",4,2
"773",-1,0
"873",-6,2
"973",-3,0
"1070",-7,1
"1251",9,1
"2163",6,3
"3163",-9,2
"4163",3,1
"5163",10,4
"7163",2,0
"8163",3,2
"9163",2,1
"10151",16,2
"1169",8,2
"191",0,0
"274",-1,3
"374",4,0
"474",1,0
"574",-2,1
"774",-10,2
"874",-1,0
"974",0,0
"1071",-3,0
"1170",-3,0
"1252",-5,3
"1323",-2,0
"2164",1,1
"3164",5,2
"4164",1,5
"5164",5,3
"7164",-1,1
"8164",3,0
"9164",6,1
"10152",2,0
"192",-1,2
"275",6,1
"375",2,2
"475",5,2
"575",7,1
"775",11,2
"875",0,0
"975",-2,0
"1072",6,3
"1171",3,0
"1253",3,1
"1324",0,0
"2165",-2,3
"3165",1,0
"4165",-13,2
"5165",-11,0
"7165",3,1
"8165",-7,2
"9165",-8,3
"10153",-5,2
"11125",2,0
"193",0,1
"276",-7,2
"376",-8,0
"476",-9,1
"576",-8,1
"776",-9,0
"876",-11,3
"976",-10,3
"1073",-8,0
"1172",-14,1
"1254",-14,3
"1325",-17,1
"15",7,0
"2166",13,2
"3166",2,1
"4166",7,1
"5166",-7,2
"7166",0,0
"8166",14,1
"9166",23,0
"10154",21,0
"11126",6,1
"12110",17,1
"131",10,1
"1411",2,2
"194",-31,2
"277",-21,0
"377",-13,1
"477",-25,3
"577",-22,3
"777",-7,2
"877",-5,1
"977",-10,1
"1074",-6,2
"1173",-5,0
"1326",22,1
"2167",22,3
"3167",29,1
"4167",23,4
"5167",21,0
"7167",9,0
"8167",3,0
"9167",4,0
"10155",4,0
"11127",4,1
"1255",4,1
"195",-3,1
"278",-6,0
"378",-2,2
"478",-2,2
"578",-6,1
"778",7,2
"878",1,0
"978",2,0
"1075",0,0
"1174",4,0
"1327",-22,1
"2168",7,4
"3168",5,4
"4168",9,4
"5168",-6,0
"7168",11,1
"8168",-7,0
"9168",-2,0
"10156",1,0
"11128",0,2
"1256",9,2
"196",-11,0
"279",-4,2
"379",-1,1
"479",2,4
"579",-2,6
"779",-2,0
"879",7,0
"979",-6,0
"1076",-3,0
"1175",3,4
"2169",0,4
"3169",2,2
"4169",4,5
"5169",7,2
"7169",4,1
"8169",0,0
"9169",1,1
"10157",-1,0
"197",-21,2
"280",-12,3
"380",-12,0
"480",-12,4
"580",-6,1
"780",-3,4
"880",-6,1
"980",-3,0
"1077",-10,1
"1176",-5,1
"1328",12,0
"2170",8,0
"3170",15,3
"4170",9,1
"5170",1,0
"7170",10,0
"8170",15,3
"9170",-5,1
"10158",-5,1
"11129",11,0
"1257",19,2
"198",13,1
"281",9,2
"381",-6,1
"481",1,2
"581",8,4
"781",-19,0
"881",-20,1
"981",-13,0
"1078",-8,0
"1177",-12,1
"2171",2,4
"3171",2,2
"4171",-6,5
"5171",-4,2
"7171",13,3
"8171",13,1
"9171",11,0
"10159",16,2
"199",-10,0
"282",-6,3
"382",-9,5
"482",-6,1
"582",-4,2
"782",-9,0
"882",-1,1
"982",1,1
"1079",2,0
"1178",7,0
"1258",-2,2
"2172",3,1
"3172",4,1
"4172",9,4
"5172",5,1
"7172",4,0
"8172",6,3
"9172",5,1
"10160",1,1
"1100",-3,0
"283",6,0
"383",6,0
"483",2,3
"583",-5,2
"783",10,2
"883",1,2
"983",13,1
"1179",-6,2
"2173",9,1
"3173",8,2
"4173",4,0
"5173",-4,1
"7173",-14,0
"8173",-15,1
"9173",-12,3
"1101",1,2
"284",17,1
"384",13,4
"484",13,2
"584",2,0
"784",0,0
"884",-2,1
"984",-7,0
"1080",3,0
"1180",-11,1
"2174",-1,0
"3174",-13,4
"4174",-9,0
"5174",-7,1
"7174",-4,1
"8174",1,2
"9174",4,0
"1102",7,0
"285",9,3
"385",4,0
"485",7,4
"585",6,2
"785",3,2
"885",-1,1
"985",-1,1
"1081",1,2
"1181",-19,2
"2175",-6,4
"3175",-1,1
"4175",5,0
"5175",-10,1
"7175",10,0
"8175",-1,0
"9175",-11,2
"10161",-2,0
"1103",-11,0
"286",-10,3
"386",-16,0
"486",-12,4
"586",-10,3
"786",-8,0
"886",1,0
"986",3,0
"1082",-5,0
"1182",-15,3
"1259",-7,2
"1329",26,0
"2176",11,2
"3176",26,1
"4176",4,2
"5176",4,6
"7176",-4,0
"8176",7,0
"9176",10,2
"10162",6,1
"1104",2,1
"287",1,0
"387",2,5
"487",1,0
"587",2,0
"787",11,3
"887",5,0
"987",11,1
"1183",-6,2
"2177",-1,2
"3177",2,0
"4177",5,4
"5177",-16,4
"7177",-7,2
"8177",-5,2
"9177",-7,1
"1105",-6,2
"288",-1,3
"388",-5,0
"488",-9,3
"588",-6,4
"788",1,2
"888",6,1
"988",5,0
"1184",9,1
"2178",9,2
"3178",7,1
"4178",5,0
"5178",11,1
"7178",-4,1
"8178",-7,1
"9178",-6,0
"1083",-9,1
"1106",-14,0
"289",-24,0
"389",-28,2
"489",-16,4
"589",-23,1
"789",1,0
"889",-13,4
"989",-6,1
"1084",2,2
"1185",-4,0
"1260",20,0
"2179",17,2
"3179",28,2
"4179",14,1
"5179",14,3
"7179",5,2
"8179",8,1
"9179",10,2
"10163",9,1
"1107",-20,2
"290",-8,2
"390",-3,3
"490",-3,1
"590",-9,5
"790",4,0
"890",8,2
"990",0,1
"1085",-9,1
"1261",3,1
"2180",7,2
"3180",13,3
"4180",7,2
"5180",1,2
"7180",-5,0
"8180",15,1
"9180",3,1
"10164",1,1
"1186",-5,1
"1108",-10,2
"291",-14,2
"391",-5,4
"491",-10,2
"591",-10,2
"791",-1,1
"891",0,0
"991",-4,0
"1086",-4,0
"1187",-2,1
"1262",10,1
"2181",15,2
"3181",7,0
"4181",5,6
"5181",9,2
"7181",-1,0
"8181",9,2
"9181",6,3
"1109",-25,1
"292",-17,2
"392",-27,4
"492",-16,2
"592",-16,1
"792",-7,2
"892",11,1
"992",6,0
"1087",-1,2
"1188",0,0
"1263",12,0
"1412",36,3
"2182",39,1
"3182",14,0
"4182",33,2
"5182",13,1
"7182",-16,1
"8182",8,0
"9182",-11,0
"10165",-18,0
"11130",-9,3
"12111",-5,1
"1330",-4,0
"1189",18,1
"293",3,2
"393",11,1
"493",4,2
"593",21,1
"793",-5,1
"893",-2,1
"993",4,0
"1088",-4,1
"1190",-1,1
"2183",2,0
"3183",0,0
"4183",-8,0
"5183",-17,2
"7183",-7,1
"8183",-11,0
"9183",-7,3
"10166",-1,0
"1191",-15,1
"294",-13,0
"394",-14,3
"494",2,5
"594",-12,1
"794",2,0
"894",12,1
"994",10,0
"1089",-12,0
"1331",13,1
"2184",17,1
"3184",23,4
"4184",21,4
"5184",15,1
"7184",-13,0
"8184",-16,3
"9184",4,0
"10167",-5,0
"1192",-2,0
"1264",-17,4
"1193",1,0
"295",11,1
"395",-3,1
"495",-3,2
"595",-1,4
"795",-13,1
"895",-3,0
"995",-10,1
"1090",-3,0
"1194",-5,4
"1265",-1,0
"1332",5,1
"2185",6,4
"3185",10,2
"4185",10,5
"5185",11,1
"7185",0,1
"8185",-6,0
"9185",2,0
"10168",-5,1
"11131",1,1
"12112",-4,0
"1195",-4,6
"296",-3,0
"396",-21,2
"496",-17,2
"596",1,0
"796",-8,1
"896",-3,2
"996",3,1
"1091",8,1
"1196",-1,1
"1333",17,1
"2186",21,0
"3186",24,2
"4186",26,2
"5186",19,0
"7186",-15,1
"8186",-16,1
"9186",1,0
"10169",-6,1
"11132",-12,0
"1266",-14,0
"1197",9,0
"297",17,2
"397",3,2
"497",8,3
"597",16,2
"797",-10,2
"897",-14,2
"997",-4,0
"1092",-1,0
"1198",-9,1
"1267",-7,0
"2187",-5,5
"3187",-12,2
"4187",-5,3
"5187",-16,1
"7187",13,3
"8187",6,0
"9187",2,0
"10170",9,1
"1199",-4,5
"298",-3,4
"398",1,1
"498",0,4
"598",5,2
"798",-2,4
"898",-4,0
"998",-9,2
"1093",1,2
"11100",4,2
"2188",-1,3
"3188",-5,2
"4188",-3,7
"5188",6,2
"7188",2,2
"8188",4,2
"9188",0,3
"10171",8,0
"1200",-11,2
"299",13,3
"399",4,2
"499",-5,3
"599",-4,0
"799",-8,1
"899",-14,2
"999",-13,0
"1094",-12,0
"11101",23,3
"2189",-5,2
"3189",19,3
"4189",20,2
"5189",1,2
"7189",-3,4
"8189",4,0
"9189",5,0
"10172",-14,2
"1201",10,2
"2100",0,3
"3100",13,2
"4100",2,1
"5100",0,0
"7100",12,1
"8100",18,1
"9100",2,1
"1095",0,0
"11102",14,0
"1268",4,1
"1334",0,0
"1413",-8,1
"2190",-5,1
"3190",-14,1
"4190",-13,1
"5190",-8,1
"7190",-7,0
"8190",-5,1
"9190",-9,0
"10173",-3,0
"11133",-3,1
"1202",-5,1
"2101",-6,3
"3101",1,1
"4101",-14,1
"5101",-8,3
"7101",-3,2
"8101",0,0
"9101",-5,2
"1096",5,1
"1269",0,5
"2191",9,1
"3191",12,1
"4191",11,1
"5191",5,3
"7191",5,2
"8191",0,1
"9191",0,0
"10174",-3,0
"11103",-4,2
"1203",4,1
"2102",7,0
"3102",15,0
"4102",13,0
"5102",14,3
"7102",5,1
"8102",-7,2
"9102",-2,0
"1097",-9,0
"1270",-11,1
"2192",-18,0
"3192",-7,5
"4192",-11,1
"5192",-5,0
"7192",9,0
"8192",0,0
"9192",-2,2
"10175",3,2
"11104",2,0
"1204",3,1
"2103",4,1
"3103",-4,4
"4103",3,0
"5103",2,0
"7103",4,0
"8103",8,0
"9103",5,0
"1271",3,1
"2193",3,3
"3193",3,1
"4193",7,2
"5193",3,3
"7193",-13,1
"8193",-8,1
"9193",-8,0
"1098",-2,0
"11105",-13,1
"1205",-23,1
"2104",-27,2
"3104",-31,3
"4104",-20,2
"5104",-26,2
"7104",-1,0
"8104",2,0
"9104",9,0
"1099",-16,2
"11106",3,1
"1272",-5,0
"1335",14,0
"2194",20,0
"3194",15,1
"4194",25,0
"5194",14,2
"7194",6,0
"8194",6,2
"9194",14,0
"10176",0,1
"11134",10,0
"12113",11,0
"1206",16,1
"2105",15,0
"3105",0,1
"4105",9,5
"5105",14,3
"7105",-21,2
"8105",11,4
"9105",-3,1
"10100",-3,1
"11107",-13,2
"1273",-2,0
"2195",5,3
"3195",2,1
"4195",-13,7
"5195",-6,2
"7195",-10,1
"8195",-7,2
"9195",1,0
"10177",-3,1
"11135",8,0
"1207",-19,4
"2106",-15,1
"3106",-23,0
"4106",-16,2
"5106",-5,2
"7106",-2,2
"8106",-5,1
"9106",-3,1
"10101",16,0
"11108",3,0
"1274",-1,1
"1336",14,0
"2196",15,1
"3196",7,3
"4196",31,2
"5196",19,0
"7196",7,1
"8196",2,3
"9196",-16,0
"10178",8,0
"11136",-10,1
"12114",-7,0
"1208",-17,2
"2107",-4,5
"3107",1,2
"4107",-8,1
"5107",-14,5
"7107",3,0
"8107",-2,2
"9107",-4,0
"11109",18,3
"2197",9,1
"3197",16,1
"4197",15,0
"5197",11,4
"7197",-6,0
"8197",-7,0
"9197",-11,0
"1209",-21,2
"2108",-6,1
"3108",-21,1
"4108",-1,0
"5108",-16,2
"7108",-19,2
"8108",-3,1
"9108",-3,1
"10102",-12,1
"11137",-3,0
"1275",-20,1
"1337",-5,1
"1414",6,3
"2198",23,0
"3198",23,3
"4198",20,2
"5198",18,1
"7198",2,0
"8198",5,1
"9198",3,0
"10179",8,1
"11138",18,1
"12115",4,0
"1276",15,0
"2109",20,3
"3109",15,1
"4109",21,4
"5109",18,1
"7109",0,0
"8109",2,0
"9109",7,2
"10103",4,0
"11139",7,2
"1277",1,0
"1415",-4,2
"2199",-21,1
"3199",-8,0
"4199",-8,0
"5199",-19,2
"7199",-7,0
"8199",-1,1
"9199",-11,0
"10180",-13,0
"11140",-15,3
"12116",-3,1
"1338",0,0
"1278",-8,0
"2200",-9,4
"3200",-12,2
"4200",-9,2
"5200",-9,4
"7200",5,0
"8200",-1,1
"9200",-2,0
"10104",0,0
"11141",14,3
"21100",11,1
"31100",17,1
"41100",1,2
"51100",15,2
"71100",-4,2
"81100",0,0
"91100",-1,2
"10181",-8,1
"1279",18,0
"2201",12,1
"3201",25,3
"4201",12,3
"5201",9,0
"7201",-13,0
"8201",-5,1
"9201",8,0
"10105",-6,1
"11142",0,0
"1280",-15,0
"21101",1,1
"31101",-10,1
"41101",-17,3
"51101",-12,0
"71101",-4,1
"81101",3,1
"91101",-9,0
"10182",3,0
"1281",-5,0
"2202",3,0
"3202",2,4
"4202",0,0
"5202",-2,1
"7202",15,2
"8202",23,1
"9202",7,2
"10106",22,2
"1339",-7,0
"21102",-15,2
"31102",-19,2
"41102",-20,4
"51102",-6,1
"71102",2,0
"81102",8,0
"91102",3,0
"10183",-5,0
"11143",-8,3
"1282",2,0
"1283",-5,0
"2203",-18,1
"3203",-14,3
"4203",-1,1
"5203",-2,0
"7203",16,1
"8203",-2,1
"9203",-1,1
"10107",7,1
"11144",6,1
"21103",4,3
"31103",5,1
"41103",5,0
"51103",7,1
"71103",-1,0
"81103",-2,1
"91103",-4,0
"1284",-13,1
"2204",-8,3
"3204",-8,2
"4204",-5,2
"5204",-9,2
"7204",-3,0
"8204",-1,0
"9204",-4,0
"10108",-4,0
"11145",-5,0
"21104",11,0
"31104",12,5
"41104",12,2
"51104",8,1
"71104",-2,0
"81104",7,0
"91104",14,1
"10184",-2,0
"1285",-6,2
"2205",-7,1
"3205",-13,3
"4205",-11,1
"5205",-15,1
"7205",-8,0
"8205",-6,3
"9205",0,0
"10109",-9,0
"1286",12,0
"21105",10,4
"31105",20,2
"41105",21,1
"51105",18,0
"71105",7,0
"81105",-5,1
"91105",-3,1
"10185",-3,0
"11146",-2,0
"1287",-10,1
"2206",-7,2
"3206",4,2
"4206",-2,1
"5206",-13,0
"7206",3,0
"8206",-8,2
"9206",-10,0
"10186",-12,3
"1288",10,0
"21106",14,2
"31106",16,2
"41106",11,3
"51106",13,1
"71106",-7,1
"81106",-5,2
"91106",0,1
"10187",0,0
"11147",3,0
"1289",-12,1
"2207",-1,1
"3207",-9,4
"4207",-7,2
"5207",-9,1
"7207",2,2
"8207",-3,2
"9207",1,1
"10188",2,0
"11148",1,0
"1290",4,1
"21107",8,0
"31107",6,1
"41107",-2,0
"51107",12,1
"71107",1,1
"81107",0,2
"91107",6,3
"10189",0,1
"1291",29,1
"2208",21,0
"3208",13,2
"4208",20,1
"5208",11,2
"7208",-11,1
"8208",-9,1
"9208",-2,0
"10190",-17,1
"11149",-8,0
"1292",-17,0
"1340",-14,6
"21108",-9,1
"31108",-21,2
"41108",-15,1
"51108",-14,2
"71108",8,2
"81108",11,3
"91108",4,1
"10191",-4,0
"11150",9,2
"12117",15,1
"1293",-3,5
"2209",-11,0
"3209",-4,2
"4209",-9,8
"5209",-18,0
"7209",-3,0
"8209",-7,3
"9209",0,3
"10192",-5,0
"1294",8,1
"21109",13,1
"31109",12,4
"41109",10,5
"51109",12,1
"71109",-1,1
"81109",0,1
"91109",-3,1
"10193",5,1
"11151",4,1
"1295",-2,1
"2210",-1,0
"3210",-4,1
"4210",-8,1
"5210",-1,0
"7210",-8,1
"8210",-6,2
"9210",-5,0
"10194",-5,2
"1341",4,0
"21110",-2,2
"31110",9,4
"41110",-1,3
"51110",5,3
"71110",10,0
"81110",1,0
"91110",-1,0
"10195",8,2
"11152",8,1
"1296",-1,0
"1297",-16,1
"2211",-10,4
"3211",-10,2
"4211",0,2
"5211",-4,2
"7211",-4,0
"8211",-4,1
"9211",4,1
"10196",-14,2
"11153",-12,0
"1298",20,1
"21111",14,2
"31111",18,4
"41111",-5,2
"51111",10,4
"71111",0,2
"81111",-4,0
"91111",19,0
"10197",4,0
"11154",-6,0
"1299",1,0
"2212",5,1
"3212",3,4
"4212",1,1
"5212",-4,1
"7212",-6,0
"8212",-4,1
"9212",0,1
"10198",1,2
"11155",-2,0
"12100",-4,3
"21112",3,0
"31112",-7,1
"41112",-2,0
"51112",5,2
"71112",5,1
"81112",5,0
"91112",-6,1
"10199",5,4
"11156",1,1
"1300",-31,1
"2213",-38,1
"3213",-30,0
"4213",-33,4
"5213",-23,0
"7213",-10,0
"8213",-10,0
"9213",-8,3
"10200",-20,4
"11157",-12,1
"12101",35,0
"21113",27,0
"31113",27,3
"41113",29,3
"51113",33,0
"71113",9,1
"81113",24,2
"91113",10,0
"101100",6,0
"11158",15,3
"1301",-12,1
"2214",-24,3
"3214",-4,1
"4214",-19,1
"5214",3,3
"7214",-7,1
"8214",2,2
"9214",0,0
"10201",2,0
"11159",2,0
"12102",-18,1
"1342",0,0
"1416",15,1
"21114",19,3
"31114",14,2
"41114",20,2
"51114",17,2
"71114",-4,1
"81114",2,0
"91114",-1,0
"101101",-3,1
"11160",1,1
"12118",-5,1
"1302",18,1
"2215",8,1
"3215",16,4
"4215",9,2
"5215",6,1
"7215",5,1
"8215",2,0
"9215",-5,0
"10202",7,0
"11161",-5,2
"12103",4,1
"1343",-11,3
"21115",-4,2
"31115",-4,1
"41115",-1,2
"51115",-9,2
"71115",-2,1
"81115",-9,1
"91115",-9,2
"101102",-9,0
"11162",-7,0
"1303",-9,3
"2216",-5,1
"3216",-10,3
"4216",-13,1
"5216",-14,1
"7216",-2,2
"8216",2,0
"10203",3,2
"11163",8,1
"12104",8,0
"1344",-3,2
"1417",12,2
"21116",14,3
"31116",3,0
"41116",18,1
"51116",4,2
"71116",-7,1
"81116",4,0
"9216",3,0
"101103",-5,1
"11164",-11,1
"1304",-3,4
"2217",-2,1
"3217",-7,2
"4217",-4,3
"5217",-6,0
"7217",-6,2
"8217",-4,2
"9217",3,0
"10204",-1,4
"12105",8,1
"21117",0,4
"31117",7,1
"41117",13,7
"51117",8,3
"71117",6,0
"81117",-1,0
"91116",-5,0
"101104",1,0
"11165",-7,0
"1305",13,0
"2218",16,2
"3218",20,1
"4218",14,1
"5218",7,1
"7218",-1,0
"8218",-3,0
"9218",-2,0
"10205",10,2
"11166",2,2
"12106",-1,0
"1345",-7,1
"21118",5,3
"31118",-9,1
"41118",-15,5
"51118",-3,0
"71118",-25,3
"81118",-3,0
"91117",0,0
"101105",-6,1
"11167",0,2
"12119",-12,1
"1306",-16,1
"2219",-8,2
"3219",-9,3
"4219",-10,1
"5219",-18,1
"7219",1,0
"8219",0,0
"9219",10,0
"10206",8,0
"11168",2,1
"12107",6,2
"21119",12,7
"31119",16,0
"41119",10,1
"51119",2,3
"71119",6,3
"81119",0,0
"91118",-6,0
"101106",2,0
"11169",-8,0
"1307",11,1
"2220",9,1
"3220",17,1
"4220",13,4
"5220",6,4
"7220",-10,0
"8220",-2,0
"9220",1,2
"10207",-4,1
"11170",-6,1
"12108",-17,2
"21120",-8,4
"31120",-17,2
"41120",2,3
"51120",-20,1
"71120",13,3
"81120",9,2
"91119",0,2
"101107",3,0
"1308",-6,4
"2221",-1,7
"3221",-9,0
"4221",-12,1
"5221",-5,8
"7221",8,2
"8221",5,0
"9221",0,1
"10208",4,1
"11171",11,3
"1346",15,3
"21121",11,2
"31121",20,2
"41121",7,2
"51121",5,5
"71121",-14,0
"81121",-10,0
"91120",-5,0
"101108",0,0
"11172",-18,1
"12109",-6,0
"1309",-14,0
"2222",-12,1
"3222",-3,1
"4222",-10,3
"5222",-12,1
"7222",0,0
"8222",-4,1
"9222",1,0
"10209",4,2
"12120",15,1
"21122",19,2
"31122",10,3
"41122",12,2
"51122",10,3
"71122",-3,0
"81122",-9,0
"91121",3,2
"101109",-5,1
"11173",-2,1
"1347",-5,1
"2223",-2,2
"3223",-4,2
"4223",-16,0
"5223",-14,2
"7223",5,2
"8223",6,1
"9223",0,0
"10210",10,0
"11174",0,0
"12121",12,0
"21123",4,2
"31123",16,2
"41123",2,2
"51123",11,2
"71123",-12,1
"81123",-5,0
"91122",0,0
"101110",-8,1
"1348",-11,0
"2224",-2,5
"3224",-7,3
"4224",-14,1
"5224",-9,3
"7224",-6,0
"8224",-9,2
"9224",1,0
"10211",-4,1
"11175",1,0
"1418",13,3
"21124",17,2
"31124",10,0
"41124",-6,0
"51124",14,3
"71124",4,2
"81124",-4,0
"91123",-6,1
"101111",14,1
"11176",-5,0
"12122",13,1
"1349",-4,1
"1350",13,0
"2225",19,2
"3225",11,2
"4225",21,1
"5225",18,1
"7225",2,0
"8225",5,0
"9225",6,1
"10212",2,1
"11177",-2,0
"1351",-7,0
"21125",-19,4
"31125",-27,1
"41125",-16,1
"51125",-24,4
"71125",0,2
"81125",-7,1
"91124",5,0
"101112",1,1
"11178",-5,3
"12123",4,0
"1352",4,1
"2226",11,2
"3226",-6,0
"4226",7,3
"5226",9,0
"7226",3,0
"8226",-1,2
"9226",13,1
"10213",7,0
"11179",3,0
"12124",4,2
"21126",-8,2
"31126",3,0
"41126",-5,0
"51126",-11,4
"71126",-6,2
"81126",-6,0
"91125",-11,2
"101113",-3,0
"11180",-7,1
"1353",-15,1
"2227",-18,2
"3227",-14,1
"4227",-24,0
"5227",-31,3
"7227",-8,0
"8227",-17,0
"9227",-20,2
"10214",-3,0
"12125",26,1
"21127",17,2
"31127",25,1
"41127",26,1
"51127",15,2
"71127",13,2
"81127",5,2
"91126",6,1
"101114",13,3
"11181",4,1
"1354",-5,0
"2228",-6,0
"3228",4,1
"4228",-6,4
"5228",-5,1
"7228",-23,4
"8228",-32,2
"9228",-22,1
"10215",-23,1
"11182",-22,0
"12126",26,1
"21128",19,2
"31128",10,0
"41128",25,3
"51128",22,4
"71128",13,0
"81128",17,4
"91127",3,0
"101115",4,1
"11183",1,0
"1355",-31,2
"2229",-12,1
"3229",-19,2
"4229",-38,2
"5229",-26,1
"7229",-9,0
"8229",-10,0
"9229",-14,1
"10216",0,0
"11184",-3,0
"12127",2,1
"1356",-10,1
"1419",-3,2
"1510",-1,0
"16",4,1
"17",25,1
"21129",36,0
"31129",27,2
"41129",40,0
"51129",33,2
"71129",-4,1
"81129",11,2
"91128",-2,0
"101116",3,1
"11185",4,1
"12128",7,0
"13110",-2,0
"141",-6,0
"151",-5,2
"161",3,1
"1357",-2,2
"2230",-5,1
"3230",2,0
"4230",6,1
"5230",-8,1
"7230",4,0
"8230",5,2
"9230",-3,0
"10217",6,2
"1358",5,4
"21130",-10,5
"31130",4,1
"41130",4,2
"51130",6,1
"71130",7,0
"81130",-1,0
"91129",-3,0
"101117",-14,2
"11186",1,0
"12129",-4,1
"1359",-22,7
"2231",-13,0
"3231",-2,0
"4231",-3,1
"5231",-9,1
"7231",2,1
"8231",-8,0
"9231",11,0
"10218",-6,2
"11187",4,0
"12130",-13,4
"1360",-16,0
"1420",20,2
"21131",22,1
"31131",17,0
"41131",24,4
"51131",8,1
"71131",-8,0
"81131",-9,0
"91130",-2,1
"101118",5,1
"11188",14,2
"12131",-16,3
"1361",-20,1
"2232",-3,2
"3232",-10,1
"4232",-4,0
"5232",-12,2
"7232",-2,2
"8232",4,1
"9232",-2,0
"10219",-2,0
"11189",-4,1
"12132",-20,0
"1362",12,0
"21132",7,0
"31132",10,3
"41132",14,3
"51132",6,1
"71132",-1,1
"81132",4,0
"91131",5,0
"101119",8,1
"11190",10,1
"1363",9,0
"2233",13,0
"3233",14,1
"4233",8,1
"5233",-3,1
"7233",-2,0
"8233",-5,0
"9233",4,1
"10220",0,1
"11191",-3,1
"12133",-24,0
"21133",0,0
"31133",-24,1
"41133",-17,4
"51133",4,2
"71133",19,0
"81133",19,0
"91132",4,3
"101120",-28,0
"11192",12,1
"1364",10,3
"2234",9,3
"3234",-4,1
"4234",7,1
"5234",8,1
"7234",-3,2
"8234",-8,0
"9234",2,0
"10221",-11,0
"11193",4,4
"21134",-6,0
"31134",-7,1
"41134",-2,6
"51134",-4,2
"71134",0,0
"81134",4,0
"91133",-2,0
"101121",3,0
"1365",-3,5
"2235",2,2
"3235",9,2
"4235",-2,1
"5235",-3,2
"7235",9,1
"8235",6,4
"9235",2,0
"11194",-3,0
"21135",3,1
"31135",-2,3
"41135",-12,2
"51135",2,0
"71135",6,2
"81135",-17,1
"91134",1,4
"10222",2,0
"1366",-5,2
"2236",-10,2
"3236",-7,4
"4236",-3,8
"5236",-2,1
"7236",4,0
"8236",2,0
"9236",3,1
"10223",-2,1
"11195",2,0
"21136",17,2
"31136",7,0
"41136",16,2
"51136",1,5
"71136",-9,1
"81136",-6,2
"91135",-1,0
"101122",-7,0
"1367",-15,1
"2237",-3,2
"3237",-15,1
"4237",-12,2
"5237",-16,1
"7237",-16,1
"8237",1,0
"9237",1,1
"10224",-19,0
"11196",-7,1
"12134",-10,1
"1368",1,0
"1421",12,1
"21137",12,1
"31137",11,3
"41137",16,2
"51137",8,1
"71137",13,1
"81137",27,1
"91136",-3,0
"101123",-3,0
"11197",17,2
"1369",-9,1
"2238",-7,1
"3238",6,0
"4238",2,2
"5238",3,1
"7238",-7,0
"8238",2,0
"9238",-15,1
"12135",7,2
"21138",9,1
"31138",1,1
"41138",1,2
"51138",3,0
"71138",6,1
"81138",2,2
"91137",-3,0
"10225",-1,1
"11198",0,0
"1370",17,1
"2239",5,0
"3239",12,3
"4239",16,2
"5239",4,1
"7239",2,0
"8239",2,1
"9239",10,0
"10226",13,1
"11199",1,0
"12136",16,1
"1371",2,0
"1422",-21,0
"21139",-8,0
"31139",-8,3
"41139",-20,4
"51139",-15,1
"71139",-13,1
"81139",-3,0
"91138",-3,0
"101124",-9,0
"1372",0,2
"2240",1,2
"3240",6,4
"4240",3,1
"5240",1,0
"7240",2,0
"8240",0,1
"9240",5,0
"10227",-2,1
"11200",-1,0
"12137",-3,2
"21140",-4,0
"31140",-1,0
"41140",-5,2
"51140",6,0
"71140",3,2
"81140",-5,0
"91139",-5,1
"101125",-3,1
"111100",2,2
"1373",4,3
"2241",22,1
"3241",31,1
"4241",6,0
"5241",17,2
"7241",-14,1
"8241",4,0
"9241",-20,3
"10228",-20,1
"1423",-14,0
"21141",-20,0
"31141",-12,1
"41141",-16,7
"51141",-14,1
"71141",11,1
"81141",15,0
"91140",2,1
"101126",-4,2
"11201",18,1
"12138",-9,3
"1374",13,3
"1375",7,2
"2242",-2,0
"3242",16,1
"4242",-2,0
"5242",14,2
"7242",5,0
"8242",0,2
"9242",-3,1
"10229",0,0
"11202",-7,1
"21142",0,1
"31142",-10,1
"41142",-1,3
"51142",-6,1
"71142",2,0
"81142",-7,1
"91141",1,0
"101127",-7,3
"1376",-2,1
"2243",-11,2
"3243",-9,2
"4243",-2,2
"5243",-11,2
"7243",-13,1
"8243",-5,0
"9243",-2,0
"10230",-7,0
"11203",-10,1
"12139",-16,1
"1377",-2,0
"1424",11,3
"21143",7,2
"31143",11,1
"41143",6,1
"51143",-1,0
"71143",20,3
"81143",14,0
"91142",7,0
"101128",15,2
"1378",-11,0
"2244",-15,1
"3244",-14,0
"4244",-7,4
"5244",-12,5
"7244",4,1
"8244",-6,0
"9244",-2,0
"10231",-4,1
"11204",2,2
"1379",19,0
"21144",15,0
"31144",13,2
"41144",11,1
"51144",13,2
"71144",-2,0
"81144",4,1
"91143",0,0
"101129",0,0
"111101",-2,1
"12140",-6,1
"1380",-18,0
"2245",-21,4
"3245",-25,2
"4245",-27,2
"5245",-28,0
"7245",-16,0
"8245",-22,0
"9245",-12,0
"10232",-1,1
"11205",-23,2
"12141",-2,2
"1381",28,1
"21145",31,0
"31145",33,1
"41145",29,1
"51145",27,1
"71145",8,1
"81145",6,1
"91144",8,0
"101130",7,0
"111102",7,0
"12142",11,0
"1382",0,3
"2246",11,3
"3246",11,2
"4246",8,3
"5246",12,0
"7246",-1,0
"8246",2,0
"9246",-1,2
"10233",-6,0
"11206",-6,0
"12143",-5,0
"21146",-8,1
"31146",-5,0
"41146",-8,2
"51146",-10,3
"71146",9,0
"81146",1,1
"91145",-4,1
"1383",-13,4
"2247",-31,2
"3247",-25,1
"4247",-15,3
"5247",-23,0
"7247",-23,2
"8247",-12,0
"9247",-6,1
"10234",1,0
"11207",-9,4
"12144",-9,1
"1425",20,0
"21147",24,0
"31147",26,2
"41147",19,1
"51147",24,4
"71147",10,0
"81147",4,0
"91146",8,2
"101131",13,2
"111103",6,1
"12145",10,1
"1384",1,0
"1385",4,3
"2248",5,0
"3248",12,2
"4248",-6,5
"5248",8,0
"7248",2,1
"8248",4,2
"9248",16,2
"12146",-3,1
"21148",-6,3
"31148",-4,1
"41148",-1,2
"51148",-5,3
"71148",-5,2
"81148",-6,2
"91147",-3,0
"10235",-4,1
"11208",-8,0
"1386",-12,1
"2249",-17,0
"3249",-22,1
"4249",-14,1
"5249",-5,2
"7249",-10,1
"8249",9,0
"9249",9,0
"10236",-2,1
"11209",-1,1
"12147",-10,0
"1387",18,0
"21149",11,1
"31149",22,2
"41149",8,0
"51149",21,0
"71149",6,1
"81149",0,1
"91148",-9,0
"101132",-7,0
"111104",14,2
"12148",-9,0
"1388",7,3
"2250",4,1
"3250",4,0
"4250",-6,1
"5250",8,4
"7250",-5,1
"8250",2,1
"9250",-5,0
"10237",-2,0
"11210",13,0
"12149",-4,0
"21150",-1,2
"31150",7,2
"41150",-3,2
"51150",-5,3
"71150",-6,1
"81150",-11,1
"91149",3,2
"1389",11,3
"2251",-8,1
"3251",11,4
"4251",8,1
"5251",5,2
"7251",-9,0
"8251",3,1
"9251",-3,0
"10238",7,4
"1390",-8,1
"21151",-5,2
"31151",-9,2
"41151",-10,3
"51151",-7,1
"71151",6,2
"81151",-4,1
"91150",2,0
"101133",4,2
"11211",1,2
"12150",5,3
"1391",-3,1
"2252",-21,0
"3252",4,0
"4252",-6,2
"5252",0,1
"7252",9,1
"8252",22,0
"9252",-7,1
"10239",4,0
"11212",6,0
"12151",21,1
"1392",14,1
"1426",10,2
"1511",-2,2
"1610",4,2
"1710",6,3
"21152",-10,1
"31152",3,1
"41152",12,2
"51152",18,6
"71152",-16,3
"81152",-5,0
"91151",-9,1
"101134",-16,1
"111105",-22,2
"12152",-15,3
"13111",-1,0
"1393",13,1
"2253",1,3
"3253",17,2
"4253",-3,2
"5253",1,2
"7253",-4,1
"8253",-4,0
"9253",-1,1
"10240",5,0
"11213",-8,3
"21153",-2,4
"31153",-11,2
"41153",-1,2
"51153",-3,1
"71153",0,0
"81153",4,4
"91152",-4,0
"1394",3,0
"2254",6,3
"3254",-5,3
"4254",12,1
"5254",-2,0
"7254",6,0
"8254",12,0
"9254",3,0
"10241",10,0
"12153",-4,2
"21154",-10,2
"31154",-14,6
"41154",2,2
"51154",-10,0
"71154",-3,1
"81154",1,0
"91153",1,1
"101135",0,1
"11214",-8,2
"1395",-5,4
"2255",-10,0
"3255",-4,2
"4255",-9,2
"5255",-7,1
"7255",-2,2
"8255",-1,0
"9255",2,0
"10242",-4,0
"11215",0,0
"12154",-10,1
"1396",3,2
"21155",12,0
"31155",8,0
"41155",-6,4
"51155",2,0
"71155",5,0
"81155",10,3
"91154",16,0
"1397",-22,2
"2256",-34,0
"3256",-26,4
"4256",-29,2
"5256",-34,1
"7256",-10,1
"8256",-7,1
"9256",0,0
"10243",-10,1
"11216",-3,3
"12155",31,2
"21156",32,2
"31156",32,2
"41156",35,2
"51156",31,2
"71156",4,2
"81156",9,3
"91155",-4,2
"101136",2,2
"111106",3,0
"1398",0,1
"2257",14,2
"3257",1,3
"4257",11,1
"5257",-1,0
"7257",-2,0
"8257",7,2
"9257",0,0
"11217",3,3
"21157",-3,1
"31157",1,0
"41157",-5,4
"51157",5,1
"71157",-12,1
"81157",-11,1
"91156",-8,3
"10244",0,0
"1399",1,2
"2258",7,0
"3258",9,1
"4258",-6,0
"5258",3,1
"7258",-10,0
"8258",-4,0
"9258",-4,2
"10245",-5,4
"11218",4,1
"12156",-4,2
"21158",-3,1
"31158",-2,0
"41158",2,2
"51158",2,2
"71158",6,0
"81158",3,0
"91157",1,1
"1400",-10,1
"2259",-6,3
"3259",5,3
"4259",2,3
"5259",-12,3
"7259",12,2
"8259",6,0
"9259",10,1
"10246",-2,0
"12157",1,5
"21159",5,4
"31159",5,0
"41159",3,1
"51159",7,2
"71159",-6,0
"81159",-1,3
"91158",-6,0
"101137",-13,0
"11219",0,0
"1401",-1,2
"2260",6,4
"3260",-11,0
"4260",0,1
"5260",12,0
"7260",0,0
"8260",3,3
"9260",6,1
"10247",5,1
"11220",1,2
"21160",-7,1
"31160",2,3
"41160",-11,2
"51160",1,1
"71160",-3,0
"81160",3,0
"91159",-3,1
"101138",-3,0
"1402",22,0
"2261",20,2
"3261",24,1
"4261",16,3
"5261",21,0
"7261",11,2
"8261",16,1
"9261",2,0
"10248",4,0
"11221",16,0
"12158",8,1
"13100",-14,0
"21161",-21,4
"31161",-22,6
"41161",-34,2
"51161",-24,0
"71161",-9,2
"81161",-12,0
"91160",-10,1
"101139",-4,3
"111107",-10,1
"1403",-25,2
"2262",-14,2
"3262",-14,1
"4262",-14,4
"5262",-18,2
"7262",0,1
"8262",10,1
"9262",14,0
"10249",-7,4
"11222",8,0
"12159",15,2
"13101",26,2
"21162",24,3
"31162",-2,2
"41162",25,2
"51162",15,3
"71162",3,3
"81162",-17,0
"91161",-7,1
"101140",-16,0
"111108",-6,0
"1404",5,2
"2263",-1,1
"3263",3,2
"4263",6,2
"5263",-10,2
"7263",-4,0
"8263",-17,1
"9263",-7,1
"12160",-5,3
"21163",-11,3
"31163",4,1
"41163",-1,2
"51163",5,1
"71163",12,1
"81163",12,0
"91162",1,1
"10250",0,0
"11223",8,3
"1405",-13,3
"2264",-9,0
"3264",-19,3
"4264",-19,3
"5264",-31,1
"7264",-24,0
"8264",-7,1
"9264",7,0
"10251",-6,6
"11224",6,1
"12161",-6,1
"13102",6,2
"1427",20,0
"21164",0,4
"31164",15,2
"41164",23,2
"51164",19,2
"71164",-2,0
"81164",23,2
"91163",12,1
"101141",12,4
"111109",-7,1
"1406",8,2
"2265",21,0
"3265",13,0
"4265",15,1
"5265",14,3
"7265",-4,1
"8265",7,2
"9265",0,0
"10252",-1,1
"11225",2,1
"12162",-19,2
"21165",-15,5
"31165",-1,2
"41165",-11,3
"51165",-5,1
"71165",0,1
"81165",0,0
"91164",-13,3
"101142",-6,1
"111110",-5,0
"1407",2,1
"2266",-3,3
"3266",4,4
"4266",2,2
"5266",-6,2
"7266",-6,1
"8266",-5,2
"9266",-5,1
"10253",-13,0
"11226",3,1
"21166",6,0
"31166",-1,2
"41166",8,4
"51166",4,1
"71166",3,0
"81166",8,2
"91165",-1,2
"1408",-5,3
"2267",-5,1
"3267",7,2
"4267",-5,1
"5267",-11,3
"7267",2,0
"8267",-3,2
"9267",-2,0
"10254",-4,0
"11227",-4,1
"12163",5,0
"21167",9,0
"31167",1,2
"41167",3,3
"51167",2,4
"71167",3,2
"81167",3,0
"91166",4,0
"1409",-15,2
"2268",-13,1
"3268",-9,2
"4268",-11,0
"5268",-29,2
"7268",-19,2
"8268",-4,0
"9268",6,1
"10255",-15,1
"11228",-13,1
"12164",-23,0
"13103",19,0
"21168",33,0
"31168",26,2
"41168",34,2
"51168",21,0
"71168",-2,0
"81168",-2,2
"91167",-5,0
"101143",3,1
"111111",15,2
"12165",3,2
"1428",8,0
"2269",7,0
"3269",13,1
"4269",3,2
"5269",13,4
"7269",-7,0
"8269",12,0
"9269",8,2
"10256",11,1
"11229",-1,1
"12166",-2,1
"13104",-14,2
"21169",-3,0
"31169",-1,2
"41169",-5,2
"51169",-10,0
"71169",-3,2
"81169",-5,0
"91168",-12,0
"101144",-4,0
"111112",-8,2
"1429",11,2
"2270",17,2
"3270",16,4
"4270",12,2
"5270",24,3
"7270",-3,2
"8270",0,1
"9270",0,1
"10257",3,1
"13105",-21,2
"21170",-14,0
"31170",-24,1
"41170",-27,2
"51170",-23,0
"71170",0,1
"81170",6,2
"91169",-3,1
"101145",12,2
"11230",7,1
"12167",7,2
"1430",-19,4
"2271",-21,1
"3271",-11,0
"4271",0,6
"5271",-11,3
"7271",-13,2
"8271",0,0
"9271",-4,0
"10258",-2,0
"11231",-3,2
"12168",4,0
"13106",-10,1
"1611",8,0
"21171",13,3
"31171",3,4
"41171",14,1
"51171",7,2
"71171",10,1
"81171",7,1
"91170",-4,1
"101146",-2,0
"111113",8,2
"12169",-2,0
"13112",4,0
"1431",7,0
"1512",17,0
"1432",-10,2
"2272",-2,1
"3272",-6,3
"4272",-4,0
"5272",-7,2
"7272",10,2
"8272",-2,0
"9272",4,0
"10259",2,0
"11232",6,0
"12170",-3,0
"13107",2,3
"1433",6,0
"21172",3,1
"31172",5,0
"41172",8,0
"51172",3,1
"71172",-2,1
"81172",-4,1
"91171",-9,0
"1434",-8,1
"2273",-12,0
"3273",-16,3
"4273",-8,5
"5273",9,1
"7273",0,0
"8273",-15,0
"9273",-5,0
"10260",-4,1
"11233",-1,1
"12171",9,0
"21173",3,2
"31173",8,0
"41173",16,0
"51173",1,1
"71173",9,0
"81173",-1,1
"91172",21,2
"101147",-6,0
"1435",-17,0
"2274",-21,0
"3274",-17,3
"4274",-18,0
"5274",-5,5
"7274",5,1
"8274",-3,2
"9274",3,0
"10261",-15,2
"11234",0,0
"12172",3,0
"1436",18,1
"21174",21,3
"31174",16,3
"41174",21,3
"51174",7,1
"71174",-2,0
"81174",12,3
"91173",2,2
"101148",-7,0
"111114",0,0
"12173",-4,0
"13108",1,0
"1437",12,0
"2275",1,1
"3275",4,2
"4275",3,1
"5275",-3,0
"7275",3,0
"8275",-4,0
"9275",3,2
"10262",1,0
"11235",-3,1
"21175",-7,3
"31175",-3,1
"41175",-4,2
"51175",-3,2
"71175",8,0
"81175",-4,2
"91174",-2,0
"101149",-2,0
"1438",-11,2
"2276",-19,1
"3276",-10,2
"4276",-22,2
"5276",-13,2
"7276",-2,0
"8276",-12,2
"9276",-8,2
"10263",-7,0
"11236",-17,1
"12174",1,0
"13109",8,0
"21176",9,2
"31176",16,3
"41176",18,2
"51176",-1,0
"71176",19,2
"81176",19,1
"91175",10,1
"101150",2,0
"111115",20,1
"1439",-4,1
"2277",3,3
"3277",11,2
"4277",-5,3
"5277",-4,1
"7277",-8,2
"8277",9,0
"9277",-3,1
"10264",3,4
"11237",13,1
"12175",2,0
"21177",-5,2
"31177",1,1
"41177",-9,2
"51177",3,1
"71177",-3,1
"81177",7,2
"91176",3,0
"101151",-14,1
"1440",26,1
"2278",22,1
"3278",25,1
"4278",23,0
"5278",23,2
"7278",8,5
"8278",1,2
"9278",2,0
"10265",4,0
"11238",11,5
"12176",-21,6
"21178",-28,2
"31178",-15,4
"41178",-24,1
"51178",-18,3
"71178",-7,2
"81178",-5,3
"91177",-15,2
"101152",-12,3
"1441",3,3
"2279",19,1
"3279",9,3
"4279",14,1
"5279",11,1
"7279",18,0
"8279",16,2
"9279",2,1
"10266",4,0
"11239",19,1
"13113",-12,6
"21179",-5,1
"31179",-13,0
"41179",-6,1
"51179",-3,1
"71179",-10,3
"81179",-18,1
"91178",-6,0
"101153",-5,0
"111116",-14,1
"12177",-23,1
"1442",-7,1
"2280",0,0
"3280",-15,1
"4280",-15,0
"5280",-3,0
"7280",-20,3
"8280",-2,1
"9280",-10,2
"10267",-5,1
"11240",-8,1
"12178",17,1
"21180",26,1
"31180",24,1
"41180",26,0
"51180",29,2
"71180",0,0
"81180",-9,0
"91179",-12,0
"101154",-4,0
"111117",-12,1
"1443",-4,0
"2281",24,1
"3281",17,1
"4281",8,0
"5281",22,1
"7281",19,0
"8281",5,1
"9281",2,0
"10268",4,0
"11241",12,3
"12179",6,0
"13114",-12,0
"21181",-19,1
"31181",-12,2
"41181",-20,2
"51181",-17,0
"71181",-8,1
"81181",-13,1
"91180",-2,1
"101155",-12,0
"1444",-7,1
"2282",-1,3
"3282",0,2
"4282",-15,3
"5282",-8,1
"7282",-6,0
"8282",9,0
"9282",-11,0
"10269",9,0
"11242",14,2
"21182",7,2
"31182",10,0
"41182",-1,1
"51182",14,0
"71182",-1,1
"81182",-5,1
"91181",-8,1
"101156",0,0
"1445",14,1
"2283",25,0
"3283",22,2
"4283",26,2
"5283",17,0
"7283",-5,5
"8283",-5,1
"9283",0,0
"10270",0,0
"11243",3,3
"12180",3,0
"13115",-21,1
"21183",-18,2
"31183",-19,0
"41183",-24,0
"51183",-24,0
"71183",4,2
"81183",1,1
"91182",-2,0
"101157",4,0
"111118",-1,1
"1446",-11,1
"2284",-15,0
"3284",-22,2
"4284",-6,1
"5284",-4,1
"7284",-13,0
"8284",-18,1
"9284",6,0
"10271",6,0
"11244",-21,0
"12181",-7,1
"13116",10,3
"21184",16,1
"31184",23,1
"41184",21,1
"51184",21,4
"71184",3,0
"81184",-3,0
"91183",14,0
"1447",27,0
"2285",18,1
"3285",26,2
"4285",22,1
"5285",24,0
"7285",4,1
"8285",11,3
"9285",4,1
"10272",1,0
"11245",5,0
"12182",3,0
"13117",-10,0
"21185",-17,1
"31185",-15,1
"41185",-18,1
"51185",-11,1
"71185",-15,2
"81185",-10,1
"91184",-10,1
"101158",-7,0
"111119",-14,0
"12183",-18,3
"1448",-26,2
"2286",-24,3
"3286",-28,1
"4286",-20,5
"5286",-11,3
"7286",-8,0
"8286",-3,0
"9286",2,0
"10273",-9,2
"11246",-1,0
"12184",-17,1
"13118",26,0
"21186",26,2
"31186",6,3
"41186",3,3
"51186",26,2
"71186",7,1
"81186",8,1
"91185",1,0
"101159",1,0
"111120",18,1
"12185",23,0
"1449",-22,3
"2287",-32,1
"3287",-38,3
"4287",-19,0
"5287",-36,2
"7287",-16,1
"8287",8,0
"9287",3,0
"10274",-2,0
"11247",5,0
"12186",-7,4
"13119",11,1
"1450",25,0
"21187",28,0
"31187",33,2
"41187",1,2
"51187",35,3
"71187",1,0
"81187",26,0
"91186",-6,0
"101160",-5,0
"111121",-10,1
"12187",17,1
"1451",-3,1
"2288",7,0
"3288",-2,3
"4288",5,1
"5288",1,2
"7288",3,2
"8288",6,0
"9288",13,0
"11248",-10,0
"21188",-18,0
"31188",-23,1
"41188",4,0
"51188",-9,3
"71188",1,0
"81188",14,0
"91187",17,0
"10275",-6,0
"1452",-9,0
"2289",-13,2
"3289",-13,1
"4289",-15,2
"5289",-9,3
"7289",-1,0
"8289",1,0
"9289",-4,1
"10276",-2,0
"11249",15,2
"21189",14,0
"31189",13,2
"41189",15,1
"51189",17,2
"71189",-3,1
"81189",-3,0
"91188",-3,2
"1453",-17,0
"2290",-2,0
"3290",-13,6
"4290",-2,2
"5290",-11,5
"7290",4,0
"8290",-4,2
"9290",-3,0
"10277",3,2
"11250",17,0
"21190",8,1
"31190",16,2
"41190",15,4
"51190",11,7
"71190",-7,1
"81190",-7,1
"91189",-8,0
"1454",-11,1
"2291",-15,0
"3291",1,2
"4291",-8,1
"5291",-10,1
"7291",-1,0
"8291",21,2
"9291",1,2
"10278",6,1
"11251",6,1
"12188",5,2
"21191",5,1
"31191",12,3
"41191",15,3
"51191",10,2
"71191",2,0
"81191",-10,0
"91190",-2,0
"101161",-8,1
"111122",-19,0
"1455",19,3
"2292",10,1
"3292",14,0
"4292",12,1
"5292",8,1
"7292",-7,0
"8292",6,2
"9292",11,0
"10279",-1,1
"11252",13,0
"12189",-8,1
"21192",-18,3
"31192",-15,5
"41192",-20,0
"51192",-9,2
"71192",-2,0
"81192",-5,0
"91191",-1,0
"101162",-4,0
"111123",-3,1
"1456",-9,0
"2293",-15,3
"3293",-13,5
"4293",-25,1
"5293",-19,3
"7293",-2,1
"8293",4,1
"9293",-2,0
"10280",3,0
"11253",3,0
"12190",13,4
"21193",30,1
"31193",3,2
"41193",16,5
"51193",13,2
"71193",-9,2
"81193",1,0
"91192",-4,0
"101163",12,2
"1457",-6,2
"2294",-8,2
"3294",-4,0
"4294",-16,1
"5294",-15,2
"7294",-4,1
"8294",-3,1
"9294",1,1
"10281",5,0
"11254",4,3
"21194",12,1
"31194",20,2
"41194",10,0
"51194",15,2
"71194",-1,1
"81194",-3,0
"91193",-7,2
"1458",-4,0
"2295",5,1
"3295",-3,1
"4295",1,1
"5295",1,2
"7295",3,0
"8295",1,1
"9295",6,0
"11255",-1,4
"21195",1,2
"31195",5,0
"41195",8,1
"51195",-3,0
"71195",-5,0
"81195",-9,5
"91194",-5,0
"10282",-1,0
"1459",-8,2
"2296",-7,1
"3296",-2,0
"4296",3,0
"5296",-5,1
"7296",6,0
"8296",-8,0
"9296",1,0
"10283",-6,3
"11256",1,0
"12191",6,0
"21196",12,0
"31196",5,3
"41196",2,1
"51196",10,1
"71196",-4,0
"81196",3,1
"91195",-9,1
"101164",0,0
"1460",7,1
"2297",2,0
"3297",0,2
"4297",10,3
"5297",-3,1
"7297",-1,2
"8297",4,1
"9297",0,0
"10284",9,0
"11257",-8,1
"12192",-5,3
"21197",-9,2
"31197",-1,2
"41197",8,3
"51197",-14,1
"71197",0,2
"81197",3,0
"91196",3,0
"101165",1,1
"111124",-6,0
"1461",-12,2
"2298",-14,1
"3298",-7,1
"4298",-10,3
"5298",-5,4
"7298",-4,1
"8298",5,0
"9298",-2,1
"10285",-1,1
"11258",18,2
"21198",11,1
"31198",12,1
"41198",7,5
"51198",14,0
"71198",-4,2
"81198",-3,1
"91197",1,1
"101166",-6,0
"1462",2,2
"2299",3,1
"3299",7,1
"4299",5,3
"5299",2,3
"7299",-6,0
"8299",6,0
"9299",-4,0
"10286",-5,0
"11259",5,1
"12193",4,1
"21199",2,1
"31199",-1,0
"41199",-6,4
"51199",-6,3
"71199",-7,2
"81199",-7,0
"91198",6,0
"101167",0,1
"1463",-19,3
"2300",-5,1
"3300",-3,1
"4300",-12,1
"5300",-13,0
"7300",-1,0
"8300",14,0
"9300",14,1
"12194",6,0
"21200",6,4
"31200",8,2
"41200",8,1
"51200",15,2
"71200",2,0
"81200",-11,1
"91199",-5,0
"10287",-1,1
"11260",-3,1
"1464",12,1
"2301",18,1
"3301",9,0
"4301",14,2
"5301",11,4
"7301",0,1
"8301",0,0
"9301",-3,0
"10288",1,1
"11261",-2,1
"13120",-18,1
"21201",-14,1
"31201",-18,3
"41201",-12,2
"51201",-18,1
"71201",5,2
"81201",7,1
"91200",1,1
"101168",1,2
"111125",4,2
"12195",2,0
"1465",11,2
"2302",8,3
"3302",-3,2
"4302",6,0
"5302",-1,1
"7302",12,4
"8302",-2,0
"9302",1,0
"10289",0,0
"11262",2,0
"12196",11,1
"13121",-7,2
"21202",-8,1
"31202",-4,2
"41202",-7,4
"51202",-10,2
"71202",2,0
"81202",-8,0
"91201",-2,0
"101169",0,3
"111126",-1,1
"1466",-5,1
"2303",7,3
"3303",-1,1
"4303",-4,1
"5303",-2,3
"7303",-19,0
"8303",-9,1
"9303",-19,2
"10290",-9,0
"11263",4,0
"12197",-8,2
"13122",11,0
"21203",-8,1
"31203",8,3
"41203",3,3
"51203",-1,0
"71203",13,1
"81203",20,1
"91202",3,0
"101170",11,5
"111127",5,2
"1467",-9,0
"2304",-10,0
"3304",-5,0
"4304",-11,1
"5304",-19,3
"7304",-1,0
"8304",-15,1
"9304",-5,1
"10291",-5,2
"11264",-10,3
"13123",18,2
"21204",22,3
"31204",15,1
"41204",8,1
"51204",13,1
"71204",5,1
"81204",10,1
"91203",-7,3
"101171",-7,0
"111128",10,0
"12198",3,0
"1468",-10,1
"2305",-3,5
"3305",-1,0
"4305",-3,1
"5305",-4,0
"7305",-2,3
"8305",3,2
"9305",-2,0
"10292",1,2
"11265",-1,0
"12199",2,2
"13124",0,3
"21205",16,2
"31205",9,3
"41205",2,0
"51205",6,2
"71205",1,0
"81205",-2,2
"91204",-3,0
"101172",-4,2
"111129",-5,3
"1469",-10,3
"2306",-9,0
"3306",2,3
"4306",-5,4
"5306",4,2
"7306",-7,1
"8306",-8,3
"9306",3,0
"10293",0,0
"11266",-16,1
"12200",-14,2
"13125",8,9
"21206",15,0
"31206",0,2
"41206",-4,0
"51206",16,0
"71206",1,0
"81206",18,1
"91205",6,2
"1470",-6,1
"2307",-4,5
"3307",-6,2
"4307",11,2
"5307",-18,2
"7307",3,1
"8307",0,4
"9307",3,1
"10294",3,1
"11267",-6,2
"12201",5,0
"13126",8,1
"21207",8,6
"31207",12,1
"41207",9,2
"51207",3,2
"71207",-9,0
"81207",-5,0
"91206",-2,1
"101173",-9,1
"1471",-10,0
"2308",-13,3
"3308",-19,2
"4308",-19,2
"5308",-19,3
"7308",-4,3
"8308",2,0
"9308",2,2
"10295",0,1
"11268",-5,2
"12202",14,1
"21208",18,3
"31208",16,0
"41208",17,0
"51208",23,2
"71208",-2,1
"81208",1,2
"91207",1,0
"101174",0,1
"111130",-3,0
"1472",-20,1
"2309",-21,5
"3309",-25,2
"4309",-21,1
"5309",-33,3
"7309",1,0
"8309",-8,3
"9309",-9,1
"10296",-16,0
"11269",-8,2
"12203",23,1
"21209",22,0
"31209",22,0
"41209",17,3
"51209",15,3
"71209",15,0
"81209",10,1
"91208",11,0
"101175",15,1
"111131",10,1
"1473",-5,2
"2310",4,4
"3310",-14,4
"4310",-11,2
"5310",-9,0
"7310",1,1
"8310",-12,0
"9310",-3,0
"10297",3,0
"11270",6,1
"12204",4,3
"21210",4,1
"31210",8,1
"41210",12,3
"51210",1,0
"71210",7,1
"81210",1,0
"91209",9,2
"101176",-6,1
"1474",3,2
"2311",9,1
"3311",2,4
"4311",1,2
"5311",5,3
"7311",6,1
"8311",-4,2
"9311",2,1
"10298",1,1
"12205",-6,2
"21211",-2,0
"31211",0,0
"41211",-8,2
"51211",-1,4
"71211",-5,0
"81211",-4,0
"91210",1,1
"101177",1,4
"11271",-1,0
"1475",-6,1
"2312",10,0
"3312",-2,1
"4312",-5,0
"5312",-3,1
"7312",-14,0
"8312",2,1
"9312",-4,0
"10299",-8,0
"11272",5,1
"21212",9,4
"31212",-7,6
"41212",3,3
"51212",-7,2
"71212",12,0
"81212",6,0
"91211",-3,0
"101178",12,0
"1476",-2,2
"2313",-19,4
"3313",-13,2
"4313",-13,1
"5313",-16,6
"7313",-12,2
"8313",9,2
"9313",2,1
"10300",1,0
"11273",3,1
"12206",7,1
"21213",9,2
"31213",5,0
"41213",10,3
"51213",12,2
"71213",4,3
"81213",8,1
"91212",5,3
"101179",0,0
"1477",-9,1
"2314",-17,1
"3314",-14,3
"4314",-19,2
"5314",-5,1
"7314",3,0
"8314",-8,4
"9314",0,5
"10301",-1,1
"12207",26,0
"21214",19,2
"31214",22,0
"41214",22,3
"51214",21,0
"71214",-5,3
"81214",-10,2
"91213",-8,3
"101180",-6,1
"11274",-11,0
"1478",-4,2
"2315",-6,3
"3315",2,4
"4315",-1,2
"5315",-5,2
"7315",0,1
"8315",-8,0
"9315",-2,1
"10302",-1,0
"11275",13,2
"21215",5,0
"31215",10,1
"41215",9,3
"51215",2,3
"71215",-2,0
"81215",-8,1
"91214",-4,1
"1479",-5,1
"2316",-10,2
"3316",-7,3
"4316",-9,0
"5316",-3,6
"7316",-4,0
"8316",-3,1
"9316",-4,0
"10303",-11,2
"11276",-4,0
"12208",15,2
"21216",17,5
"31216",5,1
"41216",6,0
"51216",12,1
"71216",9,1
"81216",-3,0
"91215",-7,0
"101181",0,0
"111132",6,2
"1480",-6,3
"2317",-3,2
"3317",-3,0
"4317",-7,7
"5317",5,0
"7317",0,1
"8317",-10,1
"9317",-1,0
"10304",-6,1
"11277",1,0
"12209",15,0
"21217",5,3
"31217",-6,4
"41217",10,3
"51217",6,6
"71217",2,0
"81217",2,2
"91216",-4,0
"1481",24,3
"2318",23,4
"3318",14,1
"4318",10,1
"5318",23,1
"7318",0,2
"8318",-9,1
"9318",-9,1
"10305",-10,1
"11278",10,2
"12210",-6,1
"13127",-22,2
"21218",-4,2
"31218",-20,2
"41218",-4,1
"51218",-13,1
"71218",6,0
"81218",-4,1
"91217",1,2
"101182",-10,3
"1482",-6,4
"2319",-14,2
"3319",-5,1
"4319",-7,2
"5319",-15,3
"7319",-15,1
"8319",-17,0
"9319",-12,1
"10306",-8,1
"11279",-16,0
"1483",3,1
"21219",7,1
"31219",5,1
"41219",-10,0
"51219",12,2
"71219",29,1
"81219",3,0
"91218",4,1
"101183",30,0
"111133",3,0
"12211",26,1
"13128",3,0
"1484",-16,1
"2320",-8,3
"3320",-11,1
"4320",-15,0
"5320",-15,2
"7320",-11,4
"8320",-9,1
"9320",-12,0
"10307",-7,2
"11280",-6,0
"12212",14,0
"21220",27,4
"31220",13,0
"41220",8,3
"51220",27,0
"71220",9,2
"81220",8,1
"91219",-5,0
"101184",13,2
"111134",-4,1
"1485",-2,3
"2321",4,3
"3321",-5,0
"4321",-2,3
"5321",-16,4
"7321",-11,1
"8321",-3,1
"9321",-3,0
"10308",-3,2
"11281",1,2
"12213",1,3
"21221",3,0
"31221",1,1
"41221",6,4
"51221",11,0
"71221",5,2
"81221",7,2
"91220",6,3
"101185",0,1
"1486",-14,1
"2322",-26,1
"3322",-11,2
"4322",-12,3
"5322",-22,1
"7322",-25,0
"8322",-15,2
"9322",-6,0
"10309",-12,1
"11282",-26,1
"12214",-1,1
"1487",20,3
"21222",13,0
"31222",8,1
"41222",20,0
"51222",26,3
"71222",23,0
"81222",1,0
"91221",11,1
"101186",10,0
"111135",7,0
"121100",27,0
"13129",4,0
